Date,Open,High,Low,Close,Adj Close,Volume
2020-09-01,39.15690994262695,39.968772888183594,38.407493591308594,38.65729904174805,38.208248138427734,14920704
2020-09-02,38.719749450683594,40.281028747558594,38.53239822387695,40.21857833862305,39.75138854980469,13421133
2020-09-03,39.90632247924805,41.53005599975586,39.2193603515625,39.46916580200195,39.010677337646484,15071750
2020-09-04,40.1561279296875,40.967994689941406,39.09445571899414,40.09367752075195,39.6279411315918,14359353
2020-09-08,39.46916580200195,39.718971252441406,38.2825927734375,38.34504318237305,37.89961624145508,19318441
2020-09-09,38.719749450683594,38.719749450683594,37.59562683105469,38.46994400024414,38.02306365966797,17460719
2020-09-10,38.53239822387695,38.719749450683594,37.470726013183594,37.470726013183594,37.03544998168945,15584134
2020-09-11,37.72053146362305,37.782981872558594,37.0335693359375,37.158470153808594,36.72683334350586,11515966
2020-09-14,37.40827560424805,38.46994400024414,37.22092056274414,38.407493591308594,37.961341857910156,11849586
2020-09-15,38.53239822387695,38.84465408325195,37.59562683105469,38.095237731933594,37.652713775634766,13826922
2020-09-16,38.095237731933594,42.529273986816406,37.782981872558594,42.15456771850586,41.66490173339844,40989838
2020-09-17,42.529273986816406,44.839969635009766,41.65495681762695,44.02810287475586,43.516658782958984,41799078
2020-09-18,43.21623611450195,44.59016418457031,42.90398025512695,42.9664306640625,42.46731948852539,23263088
2020-09-21,41.4051513671875,41.53005599975586,38.9071044921875,39.656517028808594,39.195858001708984,26058678
2020-09-22,39.968772888183594,41.0928955078125,38.78219985961914,39.032005310058594,38.5786018371582,22561773
2020-09-23,39.2193603515625,40.09367752075195,38.095237731933594,38.15768814086914,37.71444320678711,14194233
2020-09-24,38.095237731933594,38.5948486328125,37.470726013183594,37.84543228149414,37.40581512451172,15287102
2020-09-25,37.84543228149414,38.53239822387695,37.59562683105469,38.15768814086914,37.77677917480469,12774564
2020-09-28,38.9071044921875,39.406715393066406,38.5948486328125,38.719749450683594,38.333229064941406,13337260
2020-09-29,38.78219985961914,38.9071044921875,37.84543228149414,38.22014236450195,37.83860397338867,11780652
2020-09-30,38.34504318237305,39.28181076049805,38.34504318237305,38.9071044921875,38.51871109008789,15497154
2020-10-01,39.15690994262695,39.28181076049805,38.15768814086914,38.96955490112305,38.58053970336914,12677993
2020-10-02,37.782981872558594,39.968772888183594,37.782981872558594,39.90632247924805,39.50795364379883,14423484
2020-10-05,39.90632247924805,40.281028747558594,39.46916580200195,40.031227111816406,39.631614685058594,9332661
2020-10-06,40.1561279296875,41.0928955078125,38.15768814086914,38.53239822387695,38.14774703979492,27231850
2020-10-07,38.84465408325195,39.968772888183594,38.78219985961914,39.406715393066406,39.01333236694336,13336187
2020-10-08,39.718971252441406,41.65495681762695,39.59406661987305,41.53005599975586,41.115478515625,16519664
2020-10-09,44.15300369262695,44.15300369262695,41.84231185913086,42.71662902832031,42.29020690917969,27462638
2020-10-12,43.21623611450195,43.21623611450195,42.09211730957031,42.6541748046875,42.2283821105957,14256954
2020-10-13,42.40437316894531,42.59172439575195,41.592506408691406,41.96721267700195,41.54827117919922,12055427
2020-10-14,41.96721267700195,43.02888488769531,41.96721267700195,42.59172439575195,42.16654968261719,15684036
2020-10-15,41.84231185913086,42.9664306640625,41.280250549316406,42.90398025512695,42.47568893432617,14291589
2020-10-16,43.466041564941406,45.90163803100586,43.34114074707031,45.52693176269531,45.072452545166016,27084711
2020-10-19,46.15144348144531,46.65105438232422,45.152225494384766,45.52693176269531,45.072452545166016,20950291
2020-10-20,45.90163803100586,46.33879852294922,45.40203094482422,45.83918762207031,45.381591796875,15759519
2020-10-21,45.464481353759766,46.27634811401367,45.40203094482422,45.71428680419922,45.25794219970703,11819002
2020-10-22,45.776737213134766,48.399688720703125,45.71428680419922,48.21233367919922,47.731056213378906,15334675
2020-10-23,49.52381134033203,50.14832305908203,47.21311569213867,47.650272369384766,47.174598693847656,21226682
2020-10-26,46.58860397338867,47.21311569213867,45.464481353759766,46.088993072509766,45.628902435302734,16693736
2020-10-27,46.21389389038086,46.21389389038086,44.27790832519531,44.34035873413086,43.897727966308594,15719471
2020-10-28,46.90085983276367,49.08665084838867,46.27634811401367,46.33879852294922,45.876216888427734,40590743
2020-10-29,47.83762741088867,48.33723831176758,45.65183639526367,46.02654266357422,45.567073822021484,19743092
2020-10-30,45.83918762207031,47.08821105957031,45.52693176269531,46.33879852294922,45.876216888427734,16392012
2020-11-02,46.83840560913086,47.338016510009766,45.776737213134766,46.96331024169922,46.49449920654297,17434138
2020-11-03,47.775177001953125,49.46135711669922,47.08821105957031,49.024200439453125,48.534820556640625,15671834
2020-11-04,48.02497863769531,50.08586883544922,47.025760650634766,49.024200439453125,48.534820556640625,20323882
2020-11-05,49.648712158203125,50.273223876953125,49.39890670776367,49.89851760864258,49.4004020690918,13739814
2020-11-06,50.08586883544922,50.83528518676758,49.71116256713867,50.52302932739258,50.018680572509766,13470596
2020-11-09,58.39188003540039,58.7665901184082,53.77049255371094,54.457454681396484,53.91383361816406,30949392
2020-11-10,55.081966400146484,56.83060073852539,54.64480972290039,56.0811882019043,55.52134704589844,26377968
2020-11-11,56.89305114746094,56.95550537109375,55.14441680908203,55.519126892089844,54.964900970458984,14001330
2020-11-12,54.70726013183594,55.394222259521484,54.145198822021484,54.70726013183594,54.161136627197266,12732884
2020-11-13,55.33177185058594,57.76736831665039,55.26932144165039,57.76736831665039,57.19070053100586,20813096
2020-11-16,60.0156135559082,60.202964782714844,58.82904052734375,59.76580810546875,59.169189453125,19018367
2020-11-17,59.01639175415039,60.82748031616211,58.2669792175293,60.4527702331543,59.84929656982422,14467070
2020-11-18,62.26385498046875,62.763465881347656,60.7650260925293,60.7650260925293,60.1584358215332,23837136
2020-11-19,60.07806396484375,60.9523811340332,59.3911018371582,60.3278694152832,59.72564697265625,13959297
2020-11-20,60.202964782714844,61.3895378112793,59.890708923339844,60.9523811340332,60.343929290771484,12831697
2020-11-23,61.5768928527832,64.13739013671875,61.5768928527832,62.88836669921875,62.26057815551758,17325093
2020-11-24,66.88524627685547,67.75955963134766,64.94925689697266,65.26151275634766,64.61003875732422,28228244
2020-11-25,65.76112365722656,65.94847869873047,64.57455444335938,65.57376861572266,64.91917419433594,17593398
2020-11-27,65.88602447509766,65.94847869873047,64.38719940185547,64.94925689697266,64.30089569091797,8671537
2020-11-30,64.88681030273438,64.88681030273438,62.2014045715332,63.57533264160156,62.940696716308594,20032294
2020-12-01,64.51210021972656,65.44886779785156,63.1381721496582,63.387977600097656,62.75520324707031,13893582
2020-12-02,62.95082092285156,65.44886779785156,62.5136604309082,65.13661193847656,64.48638916015625,12367350
2020-12-03,64.94925689697266,66.82279205322266,64.88681030273438,66.19828033447266,65.53746032714844,14643896
2020-12-04,66.63544464111328,68.25917053222656,65.63622283935547,67.94691467285156,67.26863098144531,21620222
2020-12-07,68.00936889648438,69.32084655761719,67.19750213623047,67.82201385498047,67.14497375488281,15596816
2020-12-08,67.57221221923828,68.88368225097656,67.38485717773438,68.44652557373047,67.76324462890625,14952200
2020-12-09,68.69632720947266,71.75643920898438,68.69632720947266,71.13192749023438,70.42184448242188,20197447
2020-12-10,69.19593811035156,71.6939926147461,69.07103729248047,70.69477081298828,69.98905944824219,15319415
2020-12-11,70.44496154785156,71.25682830810547,68.82123565673828,69.69554901123047,68.99981689453125,14248835
2020-12-14,70.38251495361328,70.88212585449219,67.38485717773438,67.63465881347656,66.95948791503906,12700715
2020-12-15,68.38407135009766,69.63310241699219,66.51053619384766,69.38329315185547,68.690673828125,13869051
2020-12-16,69.50819396972656,69.63310241699219,68.07181549072266,68.25917053222656,67.57776641845703,9417880
2020-12-17,68.32162475585938,68.63388061523438,67.44730377197266,67.94691467285156,67.26863098144531,9999166
2020-12-18,67.32240295410156,69.44574737548828,67.07260131835938,67.50975799560547,66.8973159790039,18374920
2020-12-21,65.38641357421875,67.88446807861328,64.69945526123047,67.25995635986328,66.64979553222656,13741719
2020-12-22,66.88524627685547,67.19750213623047,65.51132202148438,66.26073455810547,65.65962219238281,14252326
2020-12-23,66.69789123535156,68.57142639160156,66.32318878173828,67.82201385498047,67.20674133300781,9688283
2020-12-24,67.75955963134766,67.75955963134766,66.32318878173828,66.51053619384766,65.90718078613281,4811708
2020-12-28,66.82279205322266,67.32240295410156,66.07337951660156,66.44808959960938,65.84529113769531,8614197
2020-12-29,66.57299041748047,67.25995635986328,65.82357788085938,65.94847869873047,65.35020446777344,8492373
2020-12-30,66.07337951660156,67.75955963134766,65.88602447509766,66.88524627685547,66.27847290039062,8105688
2020-12-31,66.51053619384766,67.63465881347656,66.07337951660156,67.44730377197266,66.83544158935547,7638331
2021-01-04,68.00936889648438,68.07181549072266,64.94925689697266,65.38641357421875,64.79322814941406,12801914
2021-01-05,65.13661193847656,67.94691467285156,65.07415771484375,67.25995635986328,66.64979553222656,13402511
2021-01-06,67.63465881347656,72.56830596923828,67.63465881347656,70.94457244873047,70.30097198486328,21069984
2021-01-07,72.19359588623047,72.25605010986328,70.19515991210938,70.38251495361328,69.7440185546875,12055779
2021-01-08,70.50741577148438,71.44418334960938,69.69554901123047,70.81967163085938,70.17720031738281,11644242
2021-01-11,69.38329315185547,72.0062484741211,69.07103729248047,71.50663757324219,70.85794067382812,10768983
2021-01-12,71.88134002685547,74.37939453125,71.25682830810547,73.5675277709961,72.900146484375,14641718
2021-01-13,73.5675277709961,73.81732940673828,71.94379425048828,72.25605010986328,71.6005630493164,8600890
2021-01-14,72.50585174560547,73.2552719116211,72.3185043334961,72.81810760498047,72.15750885009766,9480921
2021-01-15,72.44340515136719,72.44340515136719,70.25761413574219,70.75721740722656,70.11531829833984,11786721
2021-01-19,71.6939926147461,72.75566101074219,71.19438171386719,71.3817367553711,70.73418426513672,10167841
2021-01-20,71.81889343261719,71.81889343261719,70.56986999511719,71.13192749023438,70.48663330078125,9449921
2021-01-21,71.19438171386719,71.3817367553711,69.13349151611328,69.13349151611328,68.50631713867188,10504632
2021-01-22,68.50897979736328,69.82044982910156,68.07181549072266,69.38329315185547,68.75386047363281,8473719
2021-01-25,69.57064819335938,69.63310241699219,67.25995635986328,68.63388061523438,68.0112533569336,14734847
2021-01-26,75.1288070678711,76.3778305053711,69.94535827636719,70.50741577148438,69.8677978515625,33915019
2021-01-27,69.19593811035156,72.19359588623047,66.44808959960938,71.06947326660156,70.42474365234375,23929064
2021-01-28,71.25682830810547,71.63153839111328,69.13349151611328,69.25839233398438,68.6301040649414,15067650
2021-01-29,68.69632720947266,70.19515991210938,66.63544464111328,66.69789123535156,66.09282684326172,17495065
2021-02-01,67.82201385498047,68.69632720947266,66.44808959960938,67.07260131835938,66.4641342163086,10678064
2021-02-02,67.94691467285156,70.88212585449219,67.69711303710938,70.19515991210938,69.5583724975586,13525102
2021-02-03,70.19515991210938,70.56986999511719,69.13349151611328,69.94535827636719,69.31082916259766,8681145
2021-02-04,70.13270568847656,71.81889343261719,69.88290405273438,71.50663757324219,70.85794067382812,10691194
2021-02-05,71.88134002685547,72.13114929199219,70.69477081298828,71.19438171386719,70.54850769042969,8297421
2021-02-08,71.63153839111328,72.75566101074219,71.25682830810547,72.50585174560547,71.84809112548828,6798027
2021-02-09,72.19359588623047,72.44340515136719,71.25682830810547,72.06869506835938,71.41490173339844,8444720
2021-02-10,72.38095092773438,72.38095092773438,71.06947326660156,71.19438171386719,70.54850769042969,7295279
2021-02-11,71.13192749023438,71.63153839111328,69.88290405273438,71.56908416748047,70.91981506347656,8299151
2021-02-12,71.25682830810547,73.31771850585938,71.06947326660156,73.2552719116211,72.59072875976562,9357657
2021-02-16,73.81732940673828,74.8165512084961,73.5675277709961,74.75409698486328,74.07594299316406,9657459
2021-02-17,73.94223022460938,74.62919616699219,73.44261932373047,74.067138671875,73.39521789550781,6875784
2021-02-18,73.94223022460938,74.067138671875,71.88134002685547,72.6307601928711,71.97186279296875,7822843
2021-02-19,73.19281768798828,75.1288070678711,72.9430160522461,75.06635284423828,74.3853759765625,9775471
2021-02-22,75.37860870361328,79.31303405761719,75.1288070678711,78.06401062011719,77.3558349609375,15473888
2021-02-23,78.68852233886719,79.00077819824219,76.0655746459961,78.6260757446289,77.91278839111328,11535805
2021-02-24,79.93754577636719,83.37236785888672,79.00077819824219,81.93598937988281,81.19268035888672,17099909
2021-02-25,81.81108856201172,82.87275695800781,79.063232421875,79.687744140625,78.96483612060547,14785510
2021-02-26,79.1881332397461,80.1873550415039,77.501953125,78.3138198852539,77.60337829589844,14207859
2021-03-01,80.68696594238281,82.9976577758789,79.8750991821289,81.87353515625,81.13079071044922,12495771
2021-03-02,82.12334442138672,82.74785614013672,80.99922180175781,81.0616683959961,80.32627868652344,12362515
2021-03-03,81.7486343383789,85.05854797363281,81.49883270263672,83.9344253540039,83.17298889160156,18826265
2021-03-04,86.68228149414062,88.24356079101562,82.3106918334961,84.74629211425781,83.97747802734375,26670692
2021-03-05,86.18267059326172,86.2451171875,82.0608901977539,84.93364715576172,84.22520446777344,16809202
2021-03-08,88.74317169189453,89.55503845214844,86.2451171875,88.49336242675781,87.75523376464844,23012781
2021-03-09,88.05620574951172,90.05464172363281,86.37002563476562,87.43169403076172,86.7024154663086,18329140
2021-03-10,85.24590301513672,85.8079605102539,80.68696594238281,82.74785614013672,82.05765533447266,35264393
2021-03-11,79.2505874633789,80.312255859375,74.62919616699219,76.62763214111328,75.98848724365234,48967074
2021-03-12,76.4402847290039,78.81343078613281,76.3778305053711,78.5636215209961,77.90831756591797,21545123
2021-03-15,79.5628433227539,83.434814453125,79.5003890991211,83.37236785888672,82.67696380615234,17838325
2021-03-16,83.2474594116211,83.37236785888672,81.62373352050781,82.12334442138672,81.43834686279297,11922299
2021-03-17,82.43560028076172,84.99609375,81.9984359741211,84.99609375,84.28712463378906,12686239
2021-03-18,84.8711929321289,85.4957046508789,82.3731460571289,82.74785614013672,82.05765533447266,10209746
2021-03-19,82.43560028076172,83.37236785888672,81.0616683959961,82.56050109863281,81.87185668945312,10964079
2021-03-22,82.185791015625,82.6854019165039,80.7494125366211,81.9984359741211,81.3144760131836,8452855
2021-03-23,80.936767578125,82.3106918334961,78.37626647949219,79.063232421875,78.40376281738281,10513023
2021-03-24,79.687744140625,81.31147766113281,78.06401062011719,78.06401062011719,77.41287994384766,9939519
2021-03-25,77.43949890136719,80.7494125366211,76.3778305053711,80.24980163574219,79.58042907714844,11751878
2021-03-26,80.87431335449219,81.9984359741211,79.37548828125,81.1241226196289,80.44746398925781,9691518
2021-03-29,80.68696594238281,81.49883270263672,79.8126449584961,80.87431335449219,80.19974517822266,8608784
2021-03-30,81.0616683959961,83.434814453125,80.56205749511719,83.06011199951172,82.36730194091797,8474632
2021-03-31,83.5597152709961,83.87197875976562,81.9984359741211,81.9984359741211,81.3144760131836,10021583
2021-04-01,82.6229476928711,83.434814453125,82.12334442138672,82.9352035522461,82.24343872070312,9476806
2021-04-05,84.12178039550781,84.74629211425781,83.49726867675781,84.059326171875,83.35818481445312,8124566
2021-04-06,84.059326171875,84.30913543701172,83.49726867675781,83.68462371826172,82.98661804199219,6413359
2021-04-07,83.68462371826172,84.49649047851562,82.810302734375,83.6221694946289,82.92467498779297,6687685
2021-04-08,82.810302734375,84.30913543701172,81.7486343383789,83.99687957763672,83.29625701904297,8793905
2021-04-09,84.30913543701172,86.37002563476562,83.80952453613281,84.93364715576172,84.22520446777344,10127266
2021-04-12,84.99609375,85.43325805664062,84.12178039550781,84.8711929321289,84.16328430175781,6737580
2021-04-13,84.37158203125,84.5589370727539,82.810302734375,83.9344253540039,83.23432159423828,8202211
2021-04-14,83.87197875976562,86.1202163696289,83.80952453613281,85.43325805664062,84.72064971923828,10350320
2021-04-15,85.74551391601562,85.87041473388672,83.9344253540039,84.62139129638672,83.91555786132812,8147448
2021-04-16,85.12100219726562,85.43325805664062,83.37236785888672,83.6221694946289,82.92467498779297,8010157
2021-04-19,83.18501281738281,84.12178039550781,82.24824523925781,84.059326171875,83.35818481445312,7185737
2021-04-20,83.7470703125,83.7470703125,80.56205749511719,81.561279296875,80.8809585571289,9840754
2021-04-21,80.7494125366211,83.5597152709961,79.75019836425781,83.37236785888672,82.67696380615234,7943497
2021-04-22,83.37236785888672,85.43325805664062,82.9352035522461,83.7470703125,83.04853057861328,8423824
2021-04-23,84.30913543701172,84.99609375,83.434814453125,84.62139129638672,83.91555786132812,7467926
2021-04-26,85.12100219726562,87.43169403076172,84.62139129638672,84.74629211425781,84.0394058227539,15016346
2021-04-27,84.30913543701172,84.5589370727539,80.62451171875,84.2466812133789,83.54398345947266,23982722
2021-04-28,83.2474594116211,83.37236785888672,82.12334442138672,82.43560028076172,81.74800872802734,10583526
2021-04-29,82.3106918334961,82.9976577758789,81.6861801147461,82.498046875,81.80992126464844,8832111
2021-04-30,82.185791015625,83.37236785888672,81.6861801147461,81.93598937988281,81.25255584716797,7990157
2021-05-03,82.6854019165039,84.49649047851562,82.24824523925781,83.99687957763672,83.29625701904297,10163534
2021-05-04,83.3099136352539,83.6221694946289,81.62373352050781,81.93598937988281,81.25255584716797,12415804
2021-05-05,82.185791015625,82.9976577758789,81.7486343383789,82.498046875,81.80992126464844,8913246
2021-05-06,82.56050109863281,83.12255859375,81.3739242553711,82.498046875,81.80992126464844,10052199
2021-05-07,82.185791015625,83.3099136352539,81.62373352050781,83.06011199951172,82.36730194091797,8627647
2021-05-10,83.12255859375,84.80874633789062,83.06011199951172,83.37236785888672,82.67696380615234,10498115
2021-05-11,82.3731460571289,82.9976577758789,80.8118667602539,81.7486343383789,81.06676483154297,10890454
2021-05-12,81.6861801147461,81.9984359741211,79.75019836425781,80.06245422363281,79.3946533203125,11344808
2021-05-13,79.93754577636719,81.4363784790039,79.43794250488281,80.99922180175781,80.32360076904297,10501446
2021-05-14,81.93598937988281,83.06011199951172,81.3739242553711,82.810302734375,82.11957550048828,8114719
2021-05-17,82.6229476928711,83.3099136352539,81.93598937988281,82.12334442138672,81.43834686279297,12223606
2021-05-18,82.3106918334961,82.87275695800781,80.99922180175781,80.99922180175781,80.32360076904297,7834324
2021-05-19,80.56205749511719,81.81108856201172,79.8750991821289,81.7486343383789,81.06676483154297,9514019
2021-05-20,81.7486343383789,81.87353515625,80.68696594238281,81.561279296875,80.8809585571289,7441761
2021-05-21,81.87353515625,82.9352035522461,81.49883270263672,82.6229476928711,81.93377685546875,8537881
2021-05-24,82.9976577758789,83.12255859375,81.93598937988281,82.3106918334961,81.62413787841797,6246925
2021-05-25,82.43560028076172,82.9976577758789,81.81108856201172,81.93598937988281,81.25255584716797,7578668
2021-05-26,81.93598937988281,83.87197875976562,81.4363784790039,83.68462371826172,82.98661804199219,9650686
2021-05-27,84.93364715576172,89.92974090576172,84.8711929321289,89.61748504638672,88.86997985839844,29557250
2021-05-28,89.24278259277344,89.55503845214844,87.61904907226562,87.80640411376953,87.07401275634766,11620575
2021-06-01,88.86807250976562,89.55503845214844,88.05620574951172,88.36846160888672,87.63136291503906,8050589
2021-06-02,88.55581665039062,88.55581665039062,87.49414825439453,87.9937515258789,87.25978088378906,6394880
2021-06-03,87.3692398071289,89.74238586425781,87.0569839477539,87.9937515258789,87.25978088378906,10114103
2021-06-04,88.43091583251953,88.68071746826172,86.55738067626953,87.18189239501953,86.45470428466797,10259401
2021-06-07,87.43169403076172,87.86885070800781,86.55738067626953,86.86963653564453,86.14505767822266,5980525
2021-06-08,87.24433898925781,87.3692398071289,85.68305969238281,86.80718231201172,86.0831069946289,7065035
2021-06-09,85.99531555175781,86.2451171875,85.37080383300781,85.74551391601562,85.03031158447266,8929803
2021-06-10,86.2451171875,86.61982727050781,84.8711929321289,85.12100219726562,84.4110107421875,7980438
2021-06-11,85.24590301513672,86.05776977539062,84.74629211425781,85.4957046508789,84.78257751464844,6783744
2021-06-14,86.05776977539062,86.37002563476562,83.7470703125,84.12178039550781,83.42012023925781,7273806
2021-06-15,83.99687957763672,84.74629211425781,83.12255859375,84.5589370727539,83.85362243652344,6088897
2021-06-16,84.30913543701172,85.24590301513672,82.9976577758789,83.9344253540039,83.23432159423828,11229774
2021-06-17,83.7470703125,84.37158203125,80.62451171875,81.18656921386719,80.50938415527344,12331771
2021-06-18,80.1873550415039,81.31147766113281,79.62528991699219,79.8126449584961,79.14691925048828,13140610
2021-06-21,80.4996109008789,82.3731460571289,80.312255859375,82.3731460571289,81.68606567382812,8639400
2021-06-22,81.93598937988281,82.43560028076172,80.8118667602539,81.3739242553711,80.69518280029297,6127760
2021-06-23,81.31147766113281,82.3731460571289,80.8118667602539,80.87431335449219,80.19974517822266,6993860
2021-06-24,81.561279296875,82.43560028076172,80.68696594238281,82.12334442138672,81.43834686279297,7657242
2021-06-25,82.185791015625,82.6854019165039,81.81108856201172,82.185791015625,81.56230163574219,5462760
2021-06-28,82.185791015625,82.24824523925781,79.8750991821289,80.4996109008789,79.88890838623047,9893739
2021-06-29,81.561279296875,82.6229476928711,80.936767578125,81.7486343383789,81.12846374511719,11080202
2021-06-30,82.12334442138672,84.49649047851562,81.49883270263672,84.059326171875,83.4216079711914,10976857
2021-07-01,84.80874633789062,85.12100219726562,83.434814453125,84.18423461914062,83.54558563232422,7476733
2021-07-02,84.5589370727539,84.5589370727539,83.12255859375,83.434814453125,82.80183410644531,5309729
2021-07-06,82.9352035522461,83.18501281738281,80.06245422363281,80.68696594238281,80.0748519897461,11311038
2021-07-07,80.4371566772461,81.6861801147461,79.5628433227539,81.0616683959961,80.44670104980469,9777313
2021-07-08,79.5003890991211,80.8118667602539,78.7509765625,80.37471008300781,79.76496124267578,8618376
2021-07-09,81.2490234375,82.3731460571289,80.8118667602539,82.185791015625,81.56230163574219,6616733
2021-07-12,81.561279296875,82.0608901977539,80.56205749511719,81.87353515625,81.2524185180664,8928362
2021-07-13,81.7486343383789,81.7486343383789,80.4371566772461,80.4996109008789,79.88890838623047,6310782
2021-07-14,80.4371566772461,81.0616683959961,79.43794250488281,80.0,79.39308166503906,7159173
2021-07-15,79.2505874633789,80.68696594238281,78.50116729736328,79.687744140625,79.08321380615234,8228952
2021-07-16,79.93754577636719,80.37471008300781,78.18891143798828,78.37626647949219,77.78166961669922,7295903
2021-07-19,76.12802124023438,76.4402847290039,73.81732940673828,74.94145202636719,74.37291717529297,15835914
2021-07-20,75.00390625,79.5628433227539,74.87899780273438,79.31303405761719,78.71134185791016,12029054
2021-07-21,79.8750991821289,81.87353515625,79.75019836425781,81.6861801147461,81.06648254394531,10812569
2021-07-22,81.49883270263672,81.561279296875,79.31303405761719,79.31303405761719,78.71134185791016,6953108
2021-07-23,79.93754577636719,80.4371566772461,78.8758773803711,79.37548828125,78.77330780029297,6049410
2021-07-26,79.063232421875,80.8118667602539,78.8758773803711,80.68696594238281,80.0748519897461,8619353
2021-07-27,83.2474594116211,84.12178039550781,79.93754577636719,81.6861801147461,81.06648254394531,19126019
2021-07-28,82.12334442138672,84.18423461914062,81.4363784790039,81.9984359741211,81.3763656616211,10979499
2021-07-29,82.3731460571289,83.5597152709961,81.7486343383789,82.9976577758789,82.36801147460938,8691025
2021-07-30,82.185791015625,82.56050109863281,80.68696594238281,80.87431335449219,80.26077270507812,9617540
2021-08-02,81.561279296875,83.69242858886719,78.39968872070312,78.53239440917969,77.93660736083984,31878326
2021-08-03,78.22013854980469,80.56205749511719,76.5886001586914,80.45277404785156,79.84242248535156,18497640
2021-08-04,79.47697448730469,80.75721740722656,79.20375061035156,80.33567810058594,79.7262191772461,18118848
2021-08-05,80.40592956542969,81.6861801147461,80.0312271118164,80.42154693603516,79.81143188476562,10415555
2021-08-06,80.68696594238281,82.17018127441406,80.68696594238281,81.5925064086914,80.97350311279297,14075884
2021-08-09,80.84309387207031,81.39734649658203,79.64871215820312,80.96018981933594,80.34599304199219,10189971
2021-08-10,81.03825378417969,83.00546264648438,80.56205749511719,82.810302734375,82.18208312988281,10319864
2021-08-11,82.91178894042969,82.91178894042969,81.04605865478516,82.7790756225586,82.15109252929688,10638833
2021-08-12,82.89617156982422,83.70803833007812,82.1545639038086,83.1537857055664,82.52294158935547,8196735
2021-08-13,83.13817596435547,83.23184967041016,81.63934326171875,81.9047622680664,81.28339385986328,7199092
2021-08-16,81.36611938476562,81.42076873779297,79.8126449584961,80.67915344238281,80.06708526611328,8859652
2021-08-17,80.04683685302734,80.61670684814453,78.34503936767578,79.32865142822266,78.72683715820312,10475249
2021-08-18,78.9071044921875,80.77283477783203,78.65729522705078,79.16471862792969,78.56414794921875,8322017
2021-08-19,78.06401062011719,78.70413970947266,76.97111511230469,77.61124420166016,77.02244567871094,13842102
2021-08-20,77.74394989013672,78.58704376220703,77.36143493652344,78.10304260253906,77.5105209350586,8142933
2021-08-23,78.53239440917969,79.2193603515625,78.27478790283203,78.82123565673828,78.2232666015625,7695479
2021-08-24,79.07103729248047,80.80406188964844,78.89149475097656,80.61670684814453,80.00511169433594,8784714
2021-08-25,80.68696594238281,82.06869506835938,80.05464172363281,81.73302459716797,81.11296844482422,10077755
2021-08-26,81.54566955566406,81.67057037353516,80.2810287475586,80.70257568359375,80.09033203125,10461287
2021-08-27,81.10850524902344,82.86495208740234,81.10850524902344,82.81810760498047,82.1898193359375,9954651
2021-08-30,83.00546264648438,83.10694885253906,81.81108856201172,82.11553192138672,81.4925765991211,9153642
2021-08-31,81.92037200927734,83.02888488769531,81.54566955566406,82.28727722167969,81.66301727294922,14079215
2021-09-01,82.24824523925781,82.33411407470703,80.60890197753906,80.92115783691406,80.30725860595703,10207136
2021-09-02,81.18656921386719,83.01326751708984,81.17095947265625,82.95082092285156,82.32152557373047,10880430
2021-09-03,82.74785614013672,83.80952453613281,81.2490234375,81.77205657958984,81.15170288085938,9757249
2021-09-07,81.57689666748047,81.92037200927734,79.86729431152344,80.63231658935547,80.0206069946289,14077550
2021-09-08,80.36689758300781,81.75643920898438,78.39188385009766,80.07806396484375,79.4705581665039,15373665
2021-09-09,79.90632629394531,81.9047622680664,79.71116638183594,80.63231658935547,80.0206069946289,12024107
2021-09-10,80.63231658935547,81.14753723144531,79.45355224609375,79.62528991699219,79.0212173461914,12250972
2021-09-13,80.13270568847656,81.85792541503906,79.64090728759766,81.54566955566406,80.92704010009766,15992260
2021-09-14,81.60811614990234,81.61592864990234,78.11865997314453,78.36065673828125,77.76618957519531,20524951
2021-09-15,78.68071746826172,79.99219512939453,78.60265350341797,79.75019836425781,79.14517974853516,10380840
2021-09-16,79.92974090576172,80.17173767089844,78.70413970947266,79.11006927490234,78.50990295410156,7662814
2021-09-17,78.96174621582031,79.51600646972656,78.16549682617188,78.43091583251953,77.8359146118164,13729758
2021-09-20,76.89305114746094,77.96253204345703,75.932861328125,77.91568756103516,77.32459259033203,12942968
2021-09-21,77.98594665527344,78.05620574951172,75.10538482666016,75.58157348632812,75.0081787109375,20225197
2021-09-22,76.2451171875,77.30679321289062,76.23731231689453,76.92427825927734,76.3406982421875,14367824
2021-09-23,77.69711303710938,81.2490234375,77.6893081665039,80.37471008300781,79.76496124267578,14861009
2021-09-24,80.14051818847656,81.34270477294922,80.09367370605469,81.03044128417969,80.4782485961914,8402720
2021-09-27,81.61592864990234,83.00546264648438,81.49102020263672,82.24044036865234,81.68000030517578,10352402
2021-09-28,82.19359588623047,83.33333587646484,81.75643920898438,82.53707885742188,81.974609375,16078728
2021-09-29,82.74785614013672,83.52849578857422,82.20921325683594,82.9664306640625,82.40103912353516,9478375
2021-09-30,83.02888488769531,83.59874725341797,80.36689758300781,80.42935180664062,79.88125610351562,11457520
2021-10-01,81.32708740234375,83.05229949951172,80.92896270751953,82.60733795166016,82.04438781738281,10369055
2021-10-04,82.27947235107422,83.5909423828125,81.65496063232422,81.88915252685547,81.33110046386719,9807592
2021-10-05,82.01405334472656,82.74785614013672,80.99140930175781,81.88915252685547,81.33110046386719,7349353
2021-10-06,80.936767578125,81.51444244384766,79.67213439941406,81.44418334960938,80.88916778564453,8984806
2021-10-07,81.8423080444336,83.16159057617188,81.44418334960938,82.36534118652344,81.80406188964844,8526977
2021-10-08,82.25605010986328,82.91959381103516,81.70179748535156,81.7486343383789,81.1915512084961,5474482
2021-10-11,81.8423080444336,82.56050109863281,81.16315460205078,81.2490234375,80.6953353881836,5280026
2021-10-12,80.84309387207031,81.2177963256836,79.28181457519531,80.1873550415039,79.64090728759766,10952038
2021-10-13,79.78141784667969,80.56205749511719,78.98516845703125,79.90632629394531,79.36178588867188,9629277
2021-10-14,80.51522064208984,80.91334533691406,79.91413116455078,80.20296478271484,79.65641021728516,7864187
2021-10-15,80.91334533691406,82.66979217529297,80.55425262451172,81.50663757324219,80.9511947631836,7238034
2021-10-18,80.936767578125,81.63153839111328,80.4371566772461,81.2802505493164,80.72634887695312,5310386
2021-10-19,81.63934326171875,81.94379425048828,80.85870361328125,81.75643920898438,81.19930267333984,5401208
2021-10-20,81.77205657958984,82.76346588134766,81.08509063720703,82.74785614013672,82.1839599609375,7824220
2021-10-21,82.56050109863281,83.05229949951172,80.41374206542969,80.52302551269531,79.97428131103516,9248308
2021-10-22,80.44496154785156,81.58470153808594,80.05464172363281,81.22560119628906,80.67208099365234,6859755
2021-10-25,80.9055404663086,82.74004364013672,80.66354370117188,82.20140838623047,81.6412353515625,8321632
2021-10-26,82.56050109863281,86.62763214111328,82.13895416259766,83.87197875976562,83.30042266845703,14988981
2021-10-27,84.2154541015625,84.5277099609375,80.94457244873047,81.06947326660156,80.51700592041016,11508888
2021-10-28,80.71038055419922,82.26385498046875,80.48399353027344,82.17018127441406,81.61021423339844,7571735
2021-10-29,81.92818450927734,82.1545639038086,81.2802505493164,81.86573028564453,81.30784606933594,7197555
2021-11-01,82.56050109863281,83.34894561767578,82.185791015625,82.92739868164062,82.36228942871094,6260375
2021-11-02,83.01326751708984,83.63777923583984,82.20140838623047,83.28649139404297,82.71891784667969,5739905
2021-11-03,82.87275695800781,83.01326751708984,81.82669830322266,82.72443389892578,82.16069793701172,5267088
2021-11-04,82.64636993408203,83.06011199951172,81.41295623779297,82.13114929199219,81.57144927978516,5989700
2021-11-05,83.47384643554688,85.5971908569336,83.4113998413086,84.88681030273438,84.3083267211914,9738546
2021-11-08,85.40203094482422,86.11241149902344,84.5589370727539,84.63700103759766,84.06023406982422,6628535
2021-11-09,89.5628433227539,90.68696594238281,86.2451171875,86.87744140625,86.28539276123047,32183460
2021-11-10,87.82201385498047,87.96253204345703,84.39500427246094,85.05854797363281,84.47889709472656,11135221
2021-11-11,84.73848724365234,85.55815887451172,83.35675048828125,83.52849578857422,82.95927429199219,7061897
2021-11-12,83.84075164794922,84.25448608398438,83.10694885253906,83.98907470703125,83.4167251586914,9768650
2021-11-15,84.33255004882812,84.83216094970703,82.90398406982422,83.27088165283203,82.70341491699219,7845997
2021-11-16,82.86495208740234,82.91178894042969,80.26541900634766,80.67915344238281,80.12934875488281,15369054
2021-11-17,80.95237731933594,81.0928955078125,79.17252349853516,79.61748504638672,79.07491302490234,10642036
2021-11-18,79.18032836914062,79.46916198730469,77.42388916015625,78.58704376220703,78.0514907836914,10928083
2021-11-19,77.90788269042969,78.64168548583984,77.51756286621094,78.03278350830078,77.50101470947266,8458827
2021-11-22,78.43091583251953,79.60187530517578,78.2825927734375,78.8758773803711,78.33836364746094,7950655
2021-11-23,79.45355224609375,79.78923034667969,78.96174621582031,79.687744140625,79.14470672607422,7700603
2021-11-24,79.51600646972656,79.8750991821289,79.08665466308594,79.80484008789062,79.26100158691406,7137860
2021-11-26,75.45667266845703,76.58079528808594,74.5589370727539,76.3778305053711,75.85733795166016,11026336
2021-11-29,77.49414825439453,78.39968872070312,75.58938598632812,76.81498718261719,76.29151916503906,12523825
2021-11-30,75.4410629272461,76.05776977539062,73.7470703125,74.15300750732422,73.64767456054688,14615441
2021-12-01,75.37080383300781,75.63622283935547,72.55269622802734,72.59953308105469,72.10478973388672,11089745
2021-12-02,73.53630065917969,74.76971435546875,72.45121002197266,74.34036254882812,73.8337631225586,7807183
2021-12-03,74.26229858398438,74.43403625488281,71.60811614990234,72.41998291015625,71.92646789550781,10354067
2021-12-06,73.26307678222656,75.63622283935547,72.7868881225586,74.94925689697266,74.4384994506836,8556952
2021-12-07,75.40983581542969,76.76034545898438,75.17564392089844,76.15144348144531,75.63249206542969,6467769
2021-12-08,76.15144348144531,77.23653411865234,75.70648193359375,76.7213134765625,76.198486328125,6093461
2021-12-09,76.32318878173828,76.65105438232422,75.72209167480469,76.37002563476562,75.84959411621094,5209443
2021-12-10,76.57299041748047,76.93988800048828,75.29273986816406,75.68305969238281,75.16730499267578,5477940
2021-12-13,74.91802978515625,75.25370788574219,72.45901489257812,72.70101165771484,72.20558166503906,9451987
2021-12-14,72.40437316894531,73.42700958251953,71.60031127929688,71.9047622680664,71.41476440429688,9301085
2021-12-15,71.99063110351562,72.13895416259766,70.39812469482422,71.88134002685547,71.39149475097656,9856655
2021-12-16,72.22482299804688,73.64559173583984,71.97502136230469,72.23262786865234,71.74038696289062,9130199
2021-12-17,72.17018127441406,72.6541748046875,70.3434829711914,71.38954162597656,70.90303802490234,11612265
2021-12-20,70.25761413574219,70.33567810058594,68.82904052734375,70.24199676513672,69.82440185546875,7702909
2021-12-21,70.81967163085938,73.12255859375,70.81967163085938,72.64636993408203,72.21448516845703,9758274
2021-12-22,72.53707885742188,73.1537857055664,71.94379425048828,72.6541748046875,72.22224426269531,5974456
2021-12-23,72.83372497558594,73.80171966552734,72.83372497558594,73.38017272949219,72.94392395019531,4977326
2021-12-27,73.0913314819336,73.9031982421875,72.95082092285156,73.86416625976562,73.42504119873047,4392421
2021-12-28,73.7158432006836,75.00390625,73.5675277709961,74.39500427246094,73.95272827148438,5190484
2021-12-29,74.16081237792969,74.5355224609375,73.7236557006836,73.99687957763672,73.55696868896484,4471331
2021-12-30,73.89539337158203,74.92584228515625,73.79391479492188,73.92662048339844,73.48712158203125,4187589
2021-12-31,73.77049255371094,74.13739013671875,73.30210876464844,73.7470703125,73.30864715576172,4862292
2022-01-03,74.33255004882812,76.0655746459961,73.96565246582031,75.1288070678711,74.68215942382812,5917964
2022-01-04,77.11163330078125,78.10304260253906,76.57299041748047,77.57221221923828,77.11105346679688,9766472
2022-01-05,77.85324096679688,79.46135711669922,77.50975799560547,77.57221221923828,77.11105346679688,7551111
2022-01-06,78.41529846191406,78.9071044921875,77.61124420166016,78.02497863769531,77.56111907958984,5478837
2022-01-07,77.90788269042969,79.8126449584961,77.88446807861328,79.15690612792969,78.68631744384766,8004072
2022-01-10,79.4067153930664,79.62528991699219,77.23653411865234,77.61124420166016,77.14984130859375,7389705
2022-01-11,78.29039764404297,79.91413116455078,78.04059600830078,79.46135711669922,78.98895263671875,7268266
2022-01-12,79.18032836914062,80.10929107666016,79.14129638671875,79.8126449584961,79.33815002441406,5839439
2022-01-13,79.85167694091797,80.91334533691406,79.46916198730469,79.98439025878906,79.50887298583984,5613983
2022-01-14,79.35987854003906,80.61670684814453,78.77439880371094,80.53083801269531,80.05207061767578,5611164
2022-01-18,80.06245422363281,80.97579956054688,79.75019836425781,80.32006072998047,79.8425521850586,10773979
2022-01-19,80.16393280029297,80.39812469482422,78.43091583251953,78.54801177978516,78.0810317993164,7300419
2022-01-20,78.24356079101562,79.46135711669922,76.47931671142578,76.69789123535156,76.2419204711914,7219076
2022-01-21,76.26853942871094,76.77595520019531,74.83216094970703,75.17564392089844,74.72872161865234,10347149
2022-01-24,73.84075164794922,76.0655746459961,72.04528045654297,75.6518325805664,75.20207977294922,12647697
2022-01-25,71.13192749023438,72.09992218017578,68.93052673339844,71.1241226196289,70.7012939453125,26839512
2022-01-26,71.4363784790039,71.7486343383789,68.73535919189453,69.72677612304688,69.31224822998047,13626253
2022-01-27,70.25761413574219,71.63934326171875,68.7509765625,70.17955017089844,69.76233673095703,9997693
2022-01-28,69.71116638183594,71.94379425048828,69.35987854003906,71.89695739746094,71.46952056884766,8299087
2022-01-31,71.51444244384766,73.81732940673828,71.0616683959961,73.7548828125,73.31641387939453,8969050
2022-02-01,74.16081237792969,76.83060455322266,73.96565246582031,76.46369934082031,76.0091323852539,10439125
2022-02-02,76.2451171875,76.95550537109375,75.06635284423828,76.5339584350586,76.0789566040039,7124153
2022-02-03,75.83918762207031,77.40827178955078,75.37080383300781,76.7525405883789,76.29624938964844,7959237
2022-02-04,76.26853942871094,78.10304260253906,76.2217025756836,77.29117584228516,76.83168029785156,8203012
2022-02-07,77.57221221923828,78.52458953857422,76.89305114746094,77.98594665527344,77.52232360839844,5618082
2022-02-08,78.04840087890625,78.45433044433594,76.99453735351562,77.5253677368164,77.06446838378906,6607910
2022-02-09,78.25917053222656,78.43091583251953,77.3770523071289,77.47853088378906,77.01792907714844,8485600
2022-02-10,76.80718231201172,78.5948486328125,76.50273132324219,77.11943817138672,76.66095733642578,7062025
2022-02-11,77.29898834228516,78.24356079101562,75.07415771484375,75.58938598632812,75.14000701904297,9550496
2022-02-14,75.4957046508789,76.03434753417969,74.59796905517578,75.40983581542969,74.9615249633789,8916785
2022-02-15,76.49492645263672,79.14129638671875,76.46369934082031,78.7822036743164,78.3138427734375,8572964
2022-02-16,78.13426971435547,79.55503845214844,77.97814178466797,79.16471862792969,78.69407653808594,6265499
2022-02-17,78.33723449707031,78.39968872070312,76.4090576171875,76.86182403564453,76.40487670898438,4971561
2022-02-18,76.83060455322266,77.25995635986328,71.75643920898438,72.35753631591797,71.92737579345703,20040092
2022-02-22,72.3185043334961,74.33255004882812,72.10772705078125,73.49726867675781,73.0603256225586,9856142
2022-02-23,73.21623992919922,74.05152130126953,72.0608901977539,72.32630920410156,71.89632415771484,9449297
2022-02-24,70.71818542480469,72.66979217529297,68.4621353149414,72.24044036865234,71.81096649169922,14593664
2022-02-25,72.91959381103516,76.04995727539062,72.64636993408203,75.23028564453125,74.78304290771484,8931773
2022-02-28,73.97345733642578,74.80093383789062,73.48165130615234,74.5589370727539,74.11568450927734,8094767
2022-03-01,74.12958526611328,74.98828887939453,71.7174072265625,72.07649993896484,71.64799499511719,8624333
2022-03-02,72.95862579345703,74.12178039550781,72.66197967529297,73.50507354736328,73.06808471679688,5691227
2022-03-03,74.11397552490234,74.39500427246094,71.80327606201172,72.17018127441406,71.74111938476562,5921935
2022-03-04,70.42935180664062,70.63231658935547,68.32162475585938,69.58625793457031,69.17256164550781,10810103
2022-03-07,69.2193603515625,69.64090728759766,66.58079528808594,66.65105438232422,66.3143310546875,9120848
2022-03-08,67.9391098022461,70.60890197753906,66.78376007080078,68.81343078613281,68.46577453613281,8783945
2022-03-09,71.39734649658203,72.59172821044922,71.11631774902344,71.23341369628906,70.87353515625,8295500
2022-03-10,68.51678466796875,71.50663757324219,68.26697540283203,71.29586029052734,70.93566131591797,10395956
2022-03-11,72.44340515136719,73.08352661132812,71.55347442626953,72.03746795654297,71.67352294921875,9052058
2022-03-14,72.1623764038086,73.37236785888672,71.77205657958984,72.17018127441406,71.8055648803711,7741852
2022-03-15,72.79469299316406,73.03668975830078,71.24121856689453,72.09211730957031,71.72789764404297,6536174
2022-03-16,72.9664306640625,74.5042953491211,72.39656829833984,73.92662048339844,73.55313110351562,7146315
2022-03-17,73.53630065917969,74.60577392578125,72.8415298461914,74.57455444335938,74.19779205322266,5572478
2022-03-18,74.62139129638672,74.8711929321289,73.81732940673828,74.62139129638672,74.24439239501953,9475045
2022-03-21,73.73146057128906,74.72286987304688,73.10694885253906,74.02029418945312,73.64633178710938,7022570
2022-03-22,74.3481674194336,75.12100219726562,73.84855651855469,74.08274841308594,73.70846557617188,6169424
2022-03-23,73.83294677734375,73.89539337158203,72.9976577758789,73.14598083496094,72.77643585205078,6268317
2022-03-24,73.68462371826172,73.70803833007812,73.10694885253906,73.47384643554688,73.10265350341797,6832598
2022-03-25,73.7236557006836,74.0905532836914,72.91959381103516,73.39578247070312,73.02497863769531,7364213
2022-03-28,73.06791687011719,73.0991439819336,70.81967163085938,71.81889343261719,71.4560546875,9632351
2022-03-29,72.61514282226562,74.13739013671875,72.61514282226562,73.88758850097656,73.5143051147461,11009426
2022-03-30,73.08352661132812,74.27010345458984,72.83372497558594,73.83294677734375,73.45992279052734,7216642
2022-03-31,73.18501281738281,73.34114074707031,71.4051513671875,71.42857360839844,71.06771087646484,10537122
2022-04-01,71.89695739746094,72.25605010986328,71.1241226196289,72.20140838623047,71.83663940429688,7226505
2022-04-04,71.95940399169922,72.06869506835938,70.96018981933594,71.83450317382812,71.47158813476562,6583828
2022-04-05,71.55347442626953,72.08431243896484,70.1873550415039,70.33567810058594,69.98033142089844,8609345
2022-04-06,69.76580810546875,70.39031982421875,68.55581665039062,70.1873550415039,69.83275604248047,8424753
2022-04-07,70.11709594726562,70.32006072998047,67.98594665527344,69.83606719970703,69.48324584960938,9091513
2022-04-08,69.85948181152344,70.4683837890625,69.18032836914062,70.05464172363281,69.70072174072266,5146033
2022-04-11,69.89851379394531,71.49883270263672,69.5003890991211,70.0,69.64634704589844,6907536
2022-04-12,70.25761413574219,71.30367279052734,69.71116638183594,70.25761413574219,69.90267181396484,5778335
2022-04-13,70.38251495361328,71.38954162597656,70.24980163574219,70.84309387207031,70.48519134521484,5077628
2022-04-14,71.06947326660156,71.93598937988281,70.7494125366211,70.9055404663086,70.54730987548828,4905461
2022-04-18,71.01483154296875,71.42857360839844,70.17955017089844,70.56986999511719,70.21334075927734,5021520
2022-04-19,70.88212585449219,72.02185821533203,70.88212585449219,71.74082946777344,71.37837982177734,5901695
2022-04-20,72.20921325683594,72.6854019165039,71.23341369628906,71.35050964355469,70.99002838134766,5127203
2022-04-21,72.56050109863281,73.20842742919922,71.3739242553711,71.60031127929688,71.23857116699219,5766422
2022-04-22,70.95237731933594,71.27244567871094,69.46135711669922,69.5316162109375,69.18033599853516,6358884
2022-04-25,69.08665466308594,70.25761413574219,67.58782196044922,70.16393280029297,69.80946350097656,8843255
2022-04-26,66.31537628173828,66.5339584350586,61.209991455078125,62.91178894042969,62.59394836425781,36835027
2022-04-27,62.451210021972656,63.81732940673828,60.788448333740234,61.053863525390625,60.74541091918945,16131889
2022-04-28,61.19437789916992,61.436378479003906,59.211551666259766,60.67915725708008,60.372596740722656,15384938
2022-04-29,60.49180221557617,60.99141311645508,58.040592193603516,58.196720123291016,57.9026985168457,13309718
2022-05-02,57.83762741088867,59.19594192504883,56.68227767944336,58.977359771728516,58.67940139770508,14793372
2022-05-03,59.99219512939453,61.100704193115234,59.31303787231445,60.62451171875,60.3182258605957,10051879
2022-05-04,61.03824996948242,63.052303314208984,60.281028747558594,62.78688430786133,62.46967315673828,9592769
2022-05-05,61.96721267700195,62.5136604309082,60.54644775390625,61.35050582885742,61.040557861328125,9171191
2022-05-06,61.14754104614258,61.19437789916992,59.47697067260742,61.06947708129883,60.760948181152344,6870900
2022-05-09,59.93754959106445,60.07806396484375,56.62763595581055,56.96331024169922,56.67552185058594,8991467
2022-05-10,57.76736831665039,58.31381607055664,55.53473663330078,57.228729248046875,56.93960189819336,8758325
2022-05-11,57.58001708984375,58.22014236450195,56.252925872802734,56.5495719909668,56.26387405395508,9948246
2022-05-12,56.00312423706055,57.931304931640625,55.55815887451172,57.20530700683594,56.916297912597656,11049009
2022-05-13,58.07181930541992,59.30522918701172,57.884464263916016,58.587039947509766,58.29104995727539,6631609
2022-05-16,58.009368896484375,58.86026382446289,57.55659484863281,58.25917434692383,57.964839935302734,8341232
2022-05-17,59.492584228515625,60.265419006347656,59.16471481323242,59.640907287597656,59.339595794677734,5761041
2022-05-18,59.055423736572266,59.734580993652344,58.407493591308594,58.70413589477539,58.407554626464844,9048087
2022-05-19,58.54800796508789,59.75019454956055,58.118656158447266,59.12568283081055,58.82697677612305,7975122
2022-05-20,59.414520263671875,59.6721305847168,57.19750213623047,58.743167877197266,58.446388244628906,9403565
2022-05-23,59.344261169433594,59.640907287597656,58.555816650390625,58.9071044921875,58.6094970703125,6757787
2022-05-24,58.33723831176758,58.44652557373047,56.252925872802734,58.173301696777344,57.8794059753418,7851377
2022-05-25,57.35363006591797,58.22794723510742,56.690086364746094,58.18111038208008,57.887168884277344,9089976
2022-05-26,58.719749450683594,60.663543701171875,58.31381607055664,60.117095947265625,59.813377380371094,6008274
2022-05-27,60.33567428588867,61.49882888793945,60.10148239135742,61.48321533203125,61.17259979248047,6240904
2022-05-31,60.85089874267578,61.7017936706543,60.70257568359375,61.11631393432617,60.80754852294922,6649671
2022-06-01,61.7330207824707,62.01405334472656,59.86729049682617,60.515220642089844,60.20949172973633,7593768
2022-06-02,60.90554428100586,61.4051513671875,60.24199676513672,60.889930725097656,60.58230209350586,7898774
2022-06-03,59.90632247924805,60.22638702392578,59.07103729248047,60.08586883544922,59.782310485839844,6754201
2022-06-06,60.819671630859375,61.11631393432617,59.92974090576172,60.109291076660156,59.805606842041016,6077192
2022-06-07,60.039031982421875,61.00702667236328,59.46135711669922,60.889930725097656,60.58230209350586,6566150
2022-06-08,59.86729049682617,61.1085090637207,59.734580993652344,60.23419189453125,59.92988204956055,4324656
2022-06-09,60.02341842651367,60.14832305908203,58.352848052978516,58.37627029418945,58.08134841918945,6476096
2022-06-10,57.002342224121094,57.11163330078125,55.22248077392578,55.60499572753906,55.324073791503906,12278257
2022-06-13,54.2310676574707,54.64480972290039,52.41217803955078,52.86494827270508,52.59786605834961,12117491
2022-06-14,53.04449462890625,53.79391098022461,52.71662902832031,53.12255859375,52.85417938232422,6891396
2022-06-15,53.832942962646484,54.660423278808594,52.927398681640625,53.94223403930664,53.66971206665039,8441021
2022-06-16,52.32630920410156,52.49024200439453,50.62451171875,50.967994689941406,50.71049880981445,11612649
2022-06-17,50.889930725097656,52.09211730957031,50.38251495361328,51.522247314453125,51.2619514465332,11531818
2022-06-21,52.661983489990234,53.130367279052734,51.29586410522461,51.32708740234375,51.06777572631836,10353042
2022-06-22,50.10148239135742,51.053863525390625,50.09367752075195,50.38251495361328,50.12797927856445,12428646
2022-06-23,50.24980545043945,50.80405807495117,49.24277877807617,50.0156135559082,49.7629280090332,8652258
2022-06-24,50.47618865966797,53.06010818481445,50.28883743286133,52.36534118652344,52.10078048706055,12805260
2022-06-27,52.6697883605957,53.005462646484375,51.63153839111328,52.07650375366211,51.875274658203125,8708622
2022-06-28,52.6541748046875,53.434818267822266,51.022640228271484,51.42856979370117,51.22984313964844,9029385
2022-06-29,51.31147384643555,51.522247314453125,49.39890670776367,49.718971252441406,49.52685546875,8849404
2022-06-30,48.82904052734375,49.77361297607422,48.21233367919922,49.7033576965332,49.51129913330078,11147134
2022-07-01,49.562843322753906,50.38251495361328,48.563621520996094,49.60187530517578,49.41020965576172,8776900
2022-07-05,48.017173767089844,48.485557556152344,46.78376388549805,48.4231071472168,48.23599624633789,10287199
2022-07-06,48.05620574951172,48.68071746826172,47.40827560424805,48.06401062011719,47.87828063964844,6267036
2022-07-07,48.84465408325195,49.28181076049805,48.352848052978516,49.180328369140625,48.990291595458984,8068763
2022-07-08,49.08665084838867,50.25761032104492,48.555816650390625,49.37548828125,49.184696197509766,7933617
2022-07-11,48.70413589477539,48.88368606567383,47.94691467285156,48.329429626464844,48.142677307128906,6115238
2022-07-12,47.619049072265625,50.37470626831055,47.619049072265625,49.19594192504883,49.00584411621094,9320428
2022-07-13,48.438720703125,48.946136474609375,47.782981872558594,48.407493591308594,48.22044372558594,5556081
2022-07-14,47.619049072265625,47.74394989013672,46.83840560913086,47.68930435180664,47.505027770996094,6527848
2022-07-15,48.46213912963867,49.17251968383789,47.61124038696289,49.07103729248047,48.88142395019531,7495387
2022-07-18,50.265419006347656,50.819671630859375,49.43793869018555,49.71116256713867,49.519073486328125,8466001
2022-07-19,50.351287841796875,52.146759033203125,50.33567428588867,52.09992218017578,51.898597717285156,8037250
2022-07-20,51.756439208984375,53.30210876464844,51.561279296875,52.997657775878906,52.79287338256836,8782152
2022-07-21,52.849334716796875,53.34894561767578,52.380950927734375,53.18501281738281,52.9795036315918,7622591
2022-07-22,53.39578628540039,53.676815032958984,52.95862579345703,53.231849670410156,53.026153564453125,7190253
2022-07-25,52.59953308105469,53.80952453613281,52.32630920410156,53.364559173583984,53.15835189819336,7556747
2022-07-26,54.39500427246094,57.27556610107422,53.981266021728516,55.82357406616211,55.60786437988281,23110649
2022-07-27,56.20608901977539,56.51834487915039,54.72287368774414,55.87821960449219,55.66230392456055,9233960
2022-07-28,58.196720123291016,58.46994400024414,56.916473388671875,57.09601974487305,56.875396728515625,14416374
2022-07-29,56.98672866821289,58.173301696777344,56.54176330566406,57.697113037109375,57.47416687011719,10159227
2022-08-01,57.22092056274414,59.60187530517578,56.74473190307617,59.17251968383789,58.94386672973633,11720125
2022-08-02,58.7353630065918,59.367679595947266,58.017173767089844,58.04840087890625,57.8240966796875,7414684
2022-08-03,58.485557556152344,58.78219985961914,57.814208984375,58.34504318237305,58.119590759277344,7724174
2022-08-04,58.14988327026367,58.274784088134766,57.42388916015625,57.50975799560547,57.28753662109375,5540837
2022-08-05,57.32240295410156,58.5792350769043,57.14285659790039,58.04840087890625,57.8240966796875,5944096
2022-08-08,59.2349739074707,59.93754959106445,58.438720703125,58.68852615356445,58.46174621582031,7847918
2022-08-09,58.83684539794922,59.39890670776367,58.44652557373047,58.49336624145508,58.2673454284668,6050675
2022-08-10,59.492584228515625,60.733802795410156,59.258392333984375,60.21857833862305,59.98588943481445,13033919
2022-08-11,60.889930725097656,61.834503173828125,60.85870361328125,61.592506408691406,61.3545036315918,11618414
2022-08-12,61.89695739746094,62.427791595458984,61.32708740234375,62.39656448364258,62.15545654296875,6602915
2022-08-15,61.912567138671875,62.56830596923828,61.7330207824707,62.302886962890625,62.06214141845703,4363214
2022-08-16,61.92037582397461,63.466041564941406,61.77985763549805,63.286495208740234,63.04194641113281,7397135
2022-08-17,62.498046875,62.74785232543945,61.87353515625,62.38875961303711,62.147682189941406,5175624
2022-08-18,62.271663665771484,62.36534118652344,61.678375244140625,61.834503173828125,61.5955696105957,5124512
2022-08-19,61.280250549316406,61.35050582885742,60.32006072998047,60.67135238647461,60.43690872192383,4630431
2022-08-22,59.43013381958008,59.46135711669922,58.04840087890625,58.37627029418945,58.15069580078125,6499025
2022-08-23,58.54020309448242,60.343482971191406,58.485557556152344,59.406715393066406,59.177162170410156,6099353
2022-08-24,59.44574737548828,60.3278694152832,59.2349739074707,59.90632247924805,59.674842834472656,6104862
2022-08-25,60.39812469482422,62.2014045715332,60.351287841796875,60.99921798706055,60.76350784301758,6663378
2022-08-26,61.19437789916992,61.37392807006836,58.711944580078125,58.75878143310547,58.53173065185547,6886528
2022-08-29,58.4231071472168,59.9843864440918,57.98594665527344,59.367679595947266,59.13827896118164,6279974
2022-08-30,59.92193603515625,60.24980545043945,58.02497863769531,58.64949417114258,58.4228630065918,5495874
2022-08-31,58.868072509765625,59.16471481323242,57.26776123046875,57.3302116394043,57.108680725097656,8199681
2022-09-01,57.181888580322266,57.181888580322266,55.76112365722656,57.04917907714844,56.8287353515625,6386426
2022-09-02,57.60343551635742,58.04840087890625,56.29195785522461,56.54176330566406,56.323280334472656,5171397
2022-09-06,56.59640884399414,56.7056999206543,55.53473663330078,56.330989837646484,56.11332321166992,5165889
2022-09-07,56.12802505493164,57.56440353393555,55.987510681152344,57.43949890136719,57.21754455566406,4384991
2022-09-08,56.62763595581055,57.82981872558594,56.26853942871094,57.58782196044922,57.365299224853516,4637348
2022-09-09,58.18111038208008,58.52458953857422,57.51756286621094,57.7985954284668,57.57525634765625,8615750
2022-09-12,58.087432861328125,59.71116256713867,57.9703369140625,58.797813415527344,58.570613861083984,9306849
2022-09-13,57.189697265625,57.6580810546875,55.128807067871094,55.30054473876953,55.08686065673828,9237035
2022-09-14,55.19125747680664,55.42544937133789,53.61436462402344,54.66822814941406,54.45698547363281,7955394
2022-09-15,54.47306823730469,55.261512756347656,53.669010162353516,53.79391098022461,53.58604431152344,6311871
2022-09-16,51.053863525390625,51.990631103515625,50.88212203979492,51.826698303222656,51.62643051147461,18329573
2022-09-19,51.202186584472656,52.685401916503906,51.100704193115234,52.3419189453125,52.13966751098633,6420628
2022-09-20,51.87353515625,52.459014892578125,51.47541046142578,51.982826232910156,51.781959533691406,6687845
2022-09-21,52.31850051879883,52.3575325012207,50.866512298583984,50.91334915161133,50.716617584228516,8112317
2022-09-22,50.741607666015625,51.29586410522461,50.36690139770508,51.022640228271484,50.82548522949219,9054492
2022-09-23,50.39031982421875,50.80405807495117,49.60968017578125,50.39031982421875,50.19560623168945,10474481
2022-09-26,50.37470626831055,51.647151947021484,50.124900817871094,50.23419189453125,50.102176666259766,13392343
2022-09-27,50.62451171875,50.98360824584961,49.578453063964844,50.3278694152832,50.19560623168945,10053288
2022-09-28,50.733802795410156,50.788448333740234,50.109291076660156,50.32006072998047,50.18781661987305,8528514
2022-09-29,49.78142166137695,50.046836853027344,48.33723831176758,48.96955490112305,48.84086227416992,11272416
2022-09-30,48.899295806884766,49.406715393066406,48.30601119995117,48.329429626464844,48.20241928100586,10142958
2022-10-03,48.99297332763672,50.25761032104492,48.51678466796875,49.648712158203125,49.51823425292969,6960698
2022-10-04,50.64793014526367,52.80249786376953,50.6401252746582,52.72443389892578,52.585872650146484,9929415
2022-10-05,52.060890197753906,53.24746322631836,51.561279296875,52.64636993408203,52.50801467895508,7444403
2022-10-06,52.09211730957031,52.67759704589844,51.358314514160156,51.69398880004883,51.558135986328125,6347483
2022-10-07,51.21780014038086,51.35050582885742,50.039031982421875,50.39812469482422,50.26567840576172,5471920
2022-10-10,50.7806396484375,51.22560501098633,50.00780487060547,50.72599411010742,50.592689514160156,4600327
2022-10-11,50.343482971191406,50.944576263427734,49.24277877807617,49.960968017578125,49.82966995239258,6784048
2022-10-12,49.718971252441406,51.06947708129883,49.22716522216797,50.53864288330078,50.405826568603516,6862189
2022-10-13,49.718971252441406,53.364559173583984,49.32864761352539,53.03668975830078,52.89731216430664,10230578
2022-10-14,53.31772232055664,53.69242858886719,52.451210021972656,52.74785232543945,52.609230041503906,7267497
2022-10-17,53.825138092041016,54.793128967285156,53.41920471191406,53.57533264160156,53.43453598022461,6585749
2022-10-18,54.793128967285156,55.53473663330078,54.59016418457031,55.19125747680664,55.04621505737305,7826526
2022-10-19,54.85558319091797,55.40983581542969,54.12958526611328,55.05854797363281,54.91385269165039,6710519
2022-10-20,55.238094329833984,55.90163803100586,54.51210021972656,54.62139129638672,54.477848052978516,7669475
2022-10-21,54.64480972290039,56.90866470336914,54.449649810791016,56.846214294433594,56.69681930541992,8262194
2022-10-24,56.98672866821289,58.017173767089844,56.80718231201172,57.26776123046875,57.11725997924805,8710288
2022-10-25,58.54800796508789,58.743167877197266,55.48789978027344,56.98672866821289,56.83696746826172,12326551
2022-10-26,57.21311569213867,59.82045364379883,57.13505172729492,58.9071044921875,58.75230026245117,10355604
2022-10-27,59.562843322753906,60.60109329223633,59.24277877807617,59.32864761352539,59.172733306884766,8065048
2022-10-28,59.86729049682617,61.178768157958984,59.78142166137695,61.14754104614258,60.986846923828125,6901900
2022-10-31,60.71818923950195,61.561279296875,60.53083419799805,60.741607666015625,60.58197784423828,8448067
2022-11-01,61.32708740234375,62.52146911621094,60.46057891845703,61.053863525390625,60.89341354370117,7321940
2022-11-02,60.96018600463867,62.185791015625,60.3278694152832,60.421546936035156,60.26275634765625,8164582
2022-11-03,60.00780487060547,61.49882888793945,59.77361297607422,61.18657302856445,61.02577209472656,11131250
2022-11-04,62.44340515136719,63.356754302978516,62.00624465942383,63.286495208740234,63.12017822265625,9224609
2022-11-07,63.31772232055664,65.44886779785156,63.286495208740234,65.1522216796875,64.98100280761719,10266703
2022-11-08,65.41764068603516,66.12802124023438,64.51990509033203,65.57376861572266,65.40144348144531,8022647
2022-11-09,64.96487426757812,66.19047546386719,64.7150650024414,64.91022491455078,64.73963928222656,6354144
2022-11-10,66.5339584350586,66.87744140625,65.69086456298828,66.65105438232422,66.47589874267578,11002637
2022-11-11,66.96331024169922,67.74394989013672,66.47150421142578,67.3770523071289,67.19998931884766,9968486
2022-11-14,67.11943817138672,67.9937515258789,66.87744140625,67.0023422241211,66.82625579833984,6309950
2022-11-15,67.55659484863281,68.39968872070312,67.30679321289062,68.02497863769531,67.84620666503906,6315330
2022-11-16,67.7829818725586,67.86104583740234,66.08118438720703,66.2763442993164,66.10216522216797,6088849
2022-11-17,65.37860870361328,66.95550537109375,64.95706176757812,66.65885925292969,66.48368072509766,5958828
2022-11-18,67.51756286621094,68.03278350830078,66.23731231689453,66.72911834716797,66.55375671386719,5231860
2022-11-21,66.4402847290039,67.13504791259766,66.14363861083984,67.04917907714844,66.87297058105469,4188101
2022-11-22,67.3692398071289,68.37626647949219,67.13504791259766,68.1498794555664,67.97077941894531,5425035
2022-11-23,67.9391098022461,68.66510772705078,67.86885070800781,68.5948486328125,68.41458129882812,4682952
2022-11-25,68.4621353149414,68.99297332763672,68.18891143798828,68.80561828613281,68.62480163574219,2426342
2022-11-28,68.07181549072266,68.35285186767578,66.47931671142578,66.7213134765625,66.54596710205078,5487676
2022-11-29,66.93988800048828,67.07260131835938,66.32318878173828,66.86963653564453,66.69390106201172,5750409
2022-11-30,66.85401916503906,67.40827178955078,64.94145202636719,67.11163330078125,66.93525695800781,9301085
2022-12-01,67.29898834228516,67.61124420166016,66.2529296875,66.55738067626953,66.38246154785156,5432337
2022-12-02,66.01873779296875,67.87665557861328,65.89382934570312,67.82201385498047,67.6437759399414,5739392
2022-12-05,67.01014709472656,67.17407989501953,66.05776977539062,66.0889892578125,65.9153060913086,6040427
2022-12-06,67.61124420166016,67.9937515258789,65.940673828125,66.57299041748047,66.39803314208984,7537276
2022-12-07,66.35440826416016,67.19750213623047,66.21389770507812,66.35440826416016,66.1800308227539,6226429
2022-12-08,66.82279205322266,67.28337097167969,64.55113220214844,65.2849349975586,65.11336517333984,8247590
2022-12-09,65.27713012695312,65.41764068603516,63.48945999145508,63.58313751220703,63.41604232788086,7102248
2022-12-12,63.79391098022461,64.99609375,63.25526809692383,64.95706176757812,64.7863540649414,5969716
2022-12-13,66.01873779296875,66.2763442993164,63.95784378051758,64.69945526123047,64.52942657470703,9889320
2022-12-14,64.30913543701172,65.05854797363281,63.49726867675781,63.598751068115234,63.49290084838867,9794014
2022-12-15,62.505855560302734,63.39578628540039,61.280250549316406,61.522247314453125,61.41985321044922,12448758
2022-12-16,60.72599411010742,61.16315460205078,59.86729049682617,60.61670684814453,60.51581573486328,12752227
2022-12-19,60.30445098876953,61.16315460205078,60.265419006347656,60.936767578125,60.83534622192383,5635375
2022-12-20,60.9211540222168,63.075721740722656,60.77283477783203,62.70882034301758,62.60445022583008,8935872
2022-12-21,63.26307678222656,65.25370788574219,63.208431243896484,64.77751922607422,64.6697006225586,9678724
2022-12-22,64.15300750732422,64.56674194335938,62.6697883605957,63.832942962646484,63.72669982910156,7765422
2022-12-23,63.78610610961914,64.31694030761719,63.200626373291016,63.84855651855469,63.742286682128906,4218845
2022-12-27,64.01248931884766,64.86338806152344,63.934425354003906,64.66822814941406,64.56060028076172,5430800
2022-12-28,64.78532409667969,64.92584228515625,63.466041564941406,63.989070892333984,63.882568359375,4956830
2022-12-29,64.20764923095703,65.50350952148438,64.01248931884766,65.37860870361328,65.2697982788086,5657408
2022-12-30,64.72286987304688,65.5971908569336,64.62139129638672,65.40983581542969,65.30097198486328,5287584
2023-01-03,65.61280059814453,66.42466735839844,65.21467590332031,66.33879852294922,66.22838592529297,8204933
2023-01-04,68.41000366210938,70.19999694824219,66.75,70.19999694824219,70.08316040039062,16784600
2023-01-05,69.9000015258789,71.55000305175781,69.0,71.29000091552734,71.17134094238281,12770200
2023-01-06,72.01000213623047,72.33000183105469,70.75,71.94000244140625,71.82026672363281,10389500
2023-01-09,72.0,73.91000366210938,71.95999908447266,72.66999816894531,72.5490493774414,7572900
2023-01-10,72.19999694824219,75.37000274658203,72.19999694824219,75.2699966430664,75.14472198486328,9255500
2023-01-11,75.81999969482422,77.69999694824219,75.51000213623047,77.69000244140625,77.56069946289062,10159300
2023-01-12,77.87999725341797,79.20999908447266,77.29000091552734,78.86000061035156,78.72874450683594,11498700
2023-01-13,78.77999877929688,80.5999984741211,78.5,80.19999694824219,80.06652069091797,11048200
2023-01-17,79.91999816894531,80.66000366210938,79.76000213623047,80.48999786376953,80.35602569580078,8492200
2023-01-18,80.94000244140625,81.18000030517578,79.13999938964844,79.2699966430664,79.1380615234375,7834300
2023-01-19,77.94000244140625,78.75,76.66999816894531,76.86000061035156,76.7320785522461,10411700
2023-01-20,77.58999633789062,77.75,75.66999816894531,77.68000030517578,77.55071258544922,8261300
2023-01-23,77.61000061035156,80.0199966430664,77.54000091552734,79.7699966430664,79.6372299194336,10957500
2023-01-24,78.0,80.8499984741211,77.47000122070312,80.69999694824219,80.56568145751953,13381800
2023-01-25,79.77999877929688,81.3499984741211,79.43000030517578,80.79000091552734,80.65553283691406,8501500
2023-01-26,81.4800033569336,81.58000183105469,80.12000274658203,81.13999938964844,81.00495147705078,6511200
2023-01-27,81.0,83.98999786376953,80.9000015258789,83.2300033569336,83.09147644042969,7789500
2023-01-30,82.41000366210938,82.75,80.66999816894531,80.83000183105469,80.69546508789062,5726900
2023-01-31,80.44999694824219,80.91000366210938,79.47000122070312,80.4800033569336,80.34605407714844,6883500
2023-02-01,80.2699966430664,82.47000122070312,80.01000213623047,82.31999969482422,82.18299102783203,7272300
2023-02-02,82.19000244140625,84.02999877929688,81.9000015258789,83.94000244140625,83.80029296875,8293000
2023-02-03,83.51000213623047,83.69000244140625,81.81999969482422,81.95999908447266,81.8235855102539,5778200
2023-02-06,81.47000122070312,82.44000244140625,81.23999786376953,82.3499984741211,82.21293640136719,4329700
2023-02-07,81.9800033569336,82.37000274658203,80.54000091552734,82.11000061035156,81.97334289550781,4702300
2023-02-08,81.69000244140625,82.5999984741211,81.30000305175781,81.95999908447266,81.8235855102539,3407400
2023-02-09,82.33999633789062,82.62999725341797,80.44000244140625,80.79000091552734,80.65553283691406,3861400
2023-02-10,80.80999755859375,81.3499984741211,80.4000015258789,81.29000091552734,81.15470123291016,3490100
2023-02-13,81.19999694824219,82.91999816894531,81.08000183105469,82.68000030517578,82.54238891601562,4081600
2023-02-14,82.12999725341797,83.80999755859375,81.95999908447266,83.54000091552734,83.40096282958984,5368500
2023-02-15,82.61000061035156,84.79000091552734,82.44000244140625,84.7699966430664,84.62890625,5830500
2023-02-16,83.61000061035156,84.54000091552734,82.9800033569336,84.05000305175781,83.91011810302734,4505900
2023-02-17,83.58999633789062,83.81999969482422,82.2300033569336,83.04000091552734,82.90178680419922,4424200
2023-02-21,82.13999938964844,83.37999725341797,81.80999755859375,82.26000213623047,82.12309265136719,4071800
2023-02-22,82.16000366210938,84.33000183105469,82.0999984741211,83.19000244140625,83.05154418945312,8642500
2023-02-23,83.48999786376953,84.41000366210938,81.9000015258789,82.94000244140625,82.80195617675781,8077200
2023-02-24,81.76000213623047,83.77999877929688,81.6500015258789,83.55000305175781,83.41094207763672,6946800
2023-02-27,84.0,84.86000061035156,83.48999786376953,83.83999633789062,83.70045471191406,6390500
2023-02-28,83.62000274658203,85.6500015258789,83.45999908447266,84.70999908447266,84.56901550292969,9131000
2023-03-01,84.66000366210938,85.36000061035156,83.75,84.13999938964844,83.99996185302734,5996000
2023-03-02,83.5999984741211,85.7300033569336,83.37999725341797,85.72000122070312,85.57733154296875,6820700
2023-03-03,85.9000015258789,87.04000091552734,85.1500015258789,86.37999725341797,86.2362289428711,7676600
2023-03-06,86.63999938964844,87.81999969482422,86.47000122070312,87.05999755859375,86.99566650390625,6451800
2023-03-07,86.95999908447266,87.58000183105469,86.0999984741211,86.38999938964844,86.32616424560547,6898200
2023-03-08,86.7699966430664,87.41000366210938,86.06999969482422,86.9800033569336,86.91573333740234,6063900
2023-03-09,89.95999908447266,94.94000244140625,89.7699966430664,91.55999755859375,91.49234008789062,28592300
2023-03-10,91.9000015258789,94.19999694824219,90.79000091552734,91.0,90.9327621459961,18477800
2023-03-13,89.69999694824219,90.7300033569336,87.66000366210938,88.97000122070312,88.90425872802734,11334000
2023-03-14,91.16999816894531,93.08000183105469,90.19999694824219,91.16999816894531,91.10263061523438,11347500
2023-03-15,88.98999786376953,89.76000213623047,86.44999694824219,89.76000213623047,89.69367980957031,12057300
2023-03-16,89.4000015258789,92.0999984741211,88.56999969482422,91.97000122070312,91.90204620361328,8127600
2023-03-17,91.79000091552734,91.83000183105469,89.3499984741211,90.29000091552734,90.22328186035156,10188100
2023-03-20,90.62999725341797,91.2300033569336,89.41000366210938,89.91999816894531,89.85355377197266,6947600
2023-03-21,90.9800033569336,93.04000091552734,90.95999908447266,92.18000030517578,92.11188507080078,6826800
2023-03-22,92.48999786376953,92.5999984741211,89.55000305175781,89.58999633789062,89.52379608154297,7011000
2023-03-23,90.62999725341797,92.94999694824219,90.52999877929688,91.58999633789062,91.5223159790039,8647000
2023-03-24,90.56999969482422,92.3499984741211,90.31999969482422,91.37000274658203,91.302490234375,6658400
2023-03-27,92.27999877929688,93.63999938964844,92.11000061035156,93.30999755859375,93.24105072021484,6005200
2023-03-28,93.33999633789062,93.73999786376953,92.55999755859375,93.13999938964844,93.07117462158203,4008900
2023-03-29,93.97000122070312,94.41999816894531,93.66999816894531,94.05999755859375,93.99049377441406,4918000
2023-03-30,93.94999694824219,94.30999755859375,93.55999755859375,94.05000305175781,93.98050689697266,5285800
2023-03-31,94.52999877929688,95.66999816894531,94.30999755859375,95.5999984741211,95.52935791015625,7380200
2023-04-03,95.75,96.94000244140625,95.36000061035156,96.91999816894531,96.84838104248047,4947700
2023-04-04,96.95999908447266,97.87000274658203,94.66999816894531,95.05000305175781,94.97976684570312,6827600
2023-04-05,94.9800033569336,95.31999969482422,93.66000366210938,94.25,94.18035888671875,8493400
2023-04-06,94.12000274658203,94.38999938964844,93.54000091552734,93.5999984741211,93.53083801269531,6404900
2023-04-10,93.83000183105469,94.98999786376953,93.61000061035156,94.36000061035156,94.29027557373047,5985500
2023-04-11,94.51000213623047,94.95999908447266,93.87999725341797,93.91000366210938,93.84061431884766,5317700
2023-04-12,94.26000213623047,94.66999816894531,93.80999755859375,94.0999984741211,94.03046417236328,6997700
2023-04-13,94.37999725341797,94.69000244140625,93.47000122070312,94.30000305175781,94.2303237915039,8814600
2023-04-14,93.86000061035156,95.63999938964844,93.80999755859375,95.44000244140625,95.36947631835938,5755600
2023-04-17,95.62000274658203,96.8499984741211,95.4800033569336,96.7699966430664,96.69849395751953,6126100
2023-04-18,97.0,98.5199966430664,96.86000061035156,98.47000122070312,98.3972396850586,7110800
2023-04-19,98.58000183105469,99.30999755859375,98.41999816894531,99.02999877929688,98.95682525634766,5617000
2023-04-20,99.30000305175781,100.47000122070312,99.05999755859375,99.76000213623047,99.68628692626953,6912400
2023-04-21,99.9800033569336,100.08000183105469,99.12999725341797,99.51000213623047,99.43647003173828,4080400
2023-04-24,99.58000183105469,100.7699966430664,99.58000183105469,100.1500015258789,100.07599639892578,6251800
2023-04-25,101.94999694824219,102.01000213623047,97.55000305175781,98.44000244140625,98.36726379394531,9297500
2023-04-26,98.2300033569336,98.44999694824219,96.08999633789062,96.20999908447266,96.13890838623047,6410500
2023-04-27,97.0199966430664,98.19000244140625,96.5999984741211,98.05999755859375,97.98754119873047,7461000
2023-04-28,97.12999725341797,99.72000122070312,96.87999725341797,98.97000122070312,98.8968734741211,5010800
2023-05-01,99.48999786376953,102.0,99.37000274658203,101.18000030517578,101.10523986816406,5912400
2023-05-02,100.61000061035156,102.02999877929688,100.19000244140625,101.51000213623047,101.43499755859375,5973700
2023-05-03,101.87999725341797,102.94999694824219,101.30999755859375,101.7699966430664,101.69479370117188,4722700
2023-05-04,101.48999786376953,101.75,97.41000366210938,99.31999969482422,99.24661254882812,7227000
2023-05-05,100.58000183105469,101.76000213623047,99.75,100.23999786376953,100.16593170166016,5029000
2023-05-08,100.22000122070312,101.11000061035156,100.22000122070312,100.91999816894531,100.84542846679688,3417500
2023-05-09,100.7699966430664,101.9000015258789,100.7699966430664,101.0,100.92536926269531,5204100
2023-05-10,101.4800033569336,101.66999816894531,98.45999908447266,99.54000091552734,99.46644592285156,4032900
2023-05-11,99.4000015258789,99.9800033569336,98.81999969482422,99.51000213623047,99.43647003173828,4084300
2023-05-12,99.58000183105469,100.0,97.70999908447266,98.80000305175781,98.72699737548828,3457700
2023-05-15,99.13999938964844,102.30999755859375,99.0199966430664,102.0,101.92462921142578,6363700
2023-05-16,101.2300033569336,102.2300033569336,100.88999938964844,101.12999725341797,101.05526733398438,4408500
2023-05-17,101.87000274658203,103.58000183105469,101.55000305175781,103.47000122070312,103.39354705810547,5484200
2023-05-18,102.88999938964844,104.27999877929688,101.7300033569336,104.01000213623047,103.93314361572266,4606800
2023-05-19,104.5199966430664,105.77999877929688,103.83999633789062,104.26000213623047,104.1829605102539,5770200
2023-05-22,104.0999984741211,105.94000244140625,104.0999984741211,104.55000305175781,104.47274780273438,3987300
2023-05-23,103.86000061035156,104.13999938964844,101.27999877929688,101.69999694824219,101.62484741210938,4579600
2023-05-24,101.27999877929688,101.47000122070312,99.91000366210938,100.9800033569336,100.90538787841797,5008300
2023-05-25,101.4000015258789,102.08999633789062,100.54000091552734,101.5199966430664,101.44498443603516,5377100
2023-05-26,101.58999633789062,103.94999694824219,101.55999755859375,102.73999786376953,102.66407775878906,5424200
2023-05-30,103.0199966430664,103.06999969482422,100.66000366210938,102.4000015258789,102.32433319091797,5665100
2023-05-31,101.31999969482422,101.83999633789062,99.70999908447266,101.52999877929688,101.4549789428711,10661400
2023-06-01,101.20999908447266,105.16999816894531,101.06999969482422,104.66999816894531,104.59265899658203,6222700
2023-06-02,105.5,106.70999908447266,104.54000091552734,105.80000305175781,105.7218246459961,5967500
2023-06-05,105.80000305175781,105.80000305175781,104.0999984741211,104.0999984741211,104.02307891845703,4077200
2023-06-06,104.33000183105469,106.11000061035156,104.0999984741211,105.45999908447266,105.38207244873047,6220300
2023-06-07,106.63999938964844,107.33000183105469,105.63999938964844,106.08000183105469,106.00161743164062,7279400
2023-06-08,105.83999633789062,107.22000122070312,105.62999725341797,106.06999969482422,105.99162292480469,3573500
2023-06-09,106.29000091552734,106.55000305175781,105.08000183105469,106.30000305175781,106.2214584350586,3483700
2023-06-12,106.30999755859375,106.88999938964844,105.6500015258789,106.2300033569336,106.15150451660156,3733000
2023-06-13,106.02999877929688,107.1500015258789,105.80999755859375,106.73999786376953,106.66112518310547,4318900
2023-06-14,106.72000122070312,106.80000305175781,103.95999908447266,104.69999694824219,104.62263488769531,5131100
2023-06-15,104.44000244140625,105.63999938964844,103.98999786376953,105.41000366210938,105.33211517333984,6969800
2023-06-16,105.94999694824219,108.9000015258789,105.94000244140625,106.29000091552734,106.21146392822266,10958600
2023-06-20,106.08000183105469,106.20999908447266,103.41000366210938,104.0199966430664,103.9431381225586,6439300
2023-06-21,103.63999938964844,105.69000244140625,103.58000183105469,105.05000305175781,104.97238159179688,4775400
2023-06-22,104.66000366210938,105.79000091552734,104.63999938964844,104.81999969482422,104.74254608154297,4223500
2023-06-23,103.08999633789062,104.37000274658203,102.63999938964844,103.77999877929688,103.70331573486328,6011900
2023-06-26,103.52999877929688,105.11000061035156,103.36000061035156,104.44999694824219,104.37281799316406,4250900
2023-06-27,104.62999725341797,105.20999908447266,104.36000061035156,104.91999816894531,104.84246826171875,4767300
2023-06-28,105.29000091552734,107.37000274658203,104.97000122070312,107.05000305175781,106.97090148925781,4795700
2023-06-29,106.22000122070312,107.83000183105469,106.04000091552734,107.73999786376953,107.66038513183594,3248800
2023-06-30,108.98999786376953,110.26000213623047,108.5999984741211,109.8499984741211,109.76882934570312,7381500
2023-07-03,109.05999755859375,109.33000183105469,107.30999755859375,108.27999877929688,108.19998931884766,2972000
2023-07-05,108.22000122070312,108.98999786376953,107.76000213623047,108.6500015258789,108.56971740722656,3661800
2023-07-06,108.01000213623047,108.75,106.86000061035156,107.37000274658203,107.29066467285156,3666700
2023-07-07,107.13999938964844,108.87000274658203,106.94000244140625,108.2699966430664,108.18999481201172,3863800
2023-07-10,108.41000366210938,110.7300033569336,108.37000274658203,110.52999877929688,110.52999877929688,4633200
2023-07-11,110.7300033569336,111.52999877929688,110.2300033569336,111.22000122070312,111.22000122070312,3790000
2023-07-12,111.29000091552734,111.97000122070312,110.88999938964844,111.19999694824219,111.19999694824219,4312800
2023-07-13,111.25,111.81999969482422,110.81999969482422,111.27999877929688,111.27999877929688,2775000
2023-07-14,111.0,111.22000122070312,110.02999877929688,110.27999877929688,110.27999877929688,2717600
2023-07-17,110.41999816894531,112.1500015258789,110.1500015258789,111.13999938964844,111.13999938964844,3637200
2023-07-18,110.9000015258789,111.83000183105469,110.5199966430664,111.05999755859375,111.05999755859375,3573900
2023-07-19,110.33000183105469,110.80999755859375,108.83000183105469,109.88999938964844,109.88999938964844,4473200
2023-07-20,110.04000091552734,111.83999633789062,109.95999908447266,111.23999786376953,111.23999786376953,4117200
2023-07-21,111.44000244140625,111.87999725341797,109.81999969482422,110.33000183105469,110.33000183105469,8198600
2023-07-24,110.4000015258789,110.9800033569336,110.05999755859375,110.25,110.25,5337000
2023-07-25,114.5,117.95999908447266,113.62999725341797,117.16000366210938,117.16000366210938,17022400
2023-07-26,117.13999938964844,117.38999938964844,113.44999694824219,114.72000122070312,114.72000122070312,7541700
2023-07-27,115.55999755859375,117.26000213623047,114.93000030517578,115.41999816894531,115.41999816894531,6187000
2023-07-28,115.52999877929688,115.8499984741211,114.0199966430664,114.38999938964844,114.38999938964844,4469900
2023-07-31,114.44000244140625,114.75,113.72000122070312,114.23999786376953,114.23999786376953,4125500
2023-08-01,113.69000244140625,114.19999694824219,112.2699966430664,113.22000122070312,113.22000122070312,5263400
2023-08-02,112.97000122070312,113.5,111.93000030517578,111.97000122070312,111.97000122070312,4291600
2023-08-03,111.83000183105469,113.16999816894531,111.55000305175781,112.36000061035156,112.36000061035156,3469600
2023-08-04,112.81999969482422,113.87000274658203,111.80000305175781,113.05999755859375,113.05999755859375,4882100
2023-08-07,113.54000091552734,114.9800033569336,113.54000091552734,114.7300033569336,114.7300033569336,3304800
2023-08-08,114.38999938964844,114.83000183105469,113.12000274658203,113.55000305175781,113.55000305175781,3779300
2023-08-09,113.9000015258789,113.93000030517578,111.9800033569336,112.16999816894531,112.16999816894531,3112700
2023-08-10,112.44999694824219,115.04000091552734,112.44999694824219,113.56999969482422,113.56999969482422,4671600
2023-08-11,113.54000091552734,115.38999938964844,113.44999694824219,114.5999984741211,114.5999984741211,3560400
2023-08-14,114.5,115.8499984741211,114.19999694824219,115.55000305175781,115.55000305175781,3923400
2023-08-15,114.6500015258789,114.66000366210938,113.47000122070312,113.8499984741211,113.8499984741211,3413100
2023-08-16,113.7300033569336,115.33999633789062,113.47000122070312,113.56999969482422,113.56999969482422,3683100
2023-08-17,113.9800033569336,114.38999938964844,110.94000244140625,110.95999908447266,110.95999908447266,4577000
2023-08-18,110.30000305175781,111.93000030517578,110.0199966430664,111.79000091552734,111.79000091552734,4508400
2023-08-21,112.04000091552734,112.4800033569336,111.0199966430664,112.0199966430664,112.0199966430664,2941800
2023-08-22,112.1500015258789,113.05000305175781,110.83999633789062,111.66000366210938,111.66000366210938,2640400
2023-08-23,111.5,113.76000213623047,111.5,113.47000122070312,113.47000122070312,2847600
2023-08-24,113.19999694824219,113.95999908447266,111.0199966430664,111.04000091552734,111.04000091552734,3361500
2023-08-25,111.44999694824219,112.37000274658203,110.22000122070312,111.97000122070312,111.97000122070312,3115400
2023-08-28,112.55000305175781,114.27999877929688,112.1500015258789,113.95999908447266,113.95999908447266,2812700
2023-08-29,113.66999816894531,115.66999816894531,112.91999816894531,115.33000183105469,115.33000183105469,4655300
2023-08-30,114.8499984741211,115.58000183105469,113.94999694824219,114.30999755859375,114.30999755859375,4857600
