Date,Open,High,Low,Close,Adj Close,Volume
2020-09-01,147.42999267578125,151.0,146.9199981689453,150.69000244140625,150.69000244140625,342000
2020-09-02,151.86000061035156,152.4199981689453,146.0500030517578,150.2100067138672,150.2100067138672,376000
2020-09-03,148.1999969482422,148.83999633789062,139.3699951171875,141.7100067138672,141.7100067138672,430200
2020-09-04,140.9199981689453,142.24000549316406,130.94500732421875,137.39999389648438,137.39999389648438,396300
2020-09-08,132.30999755859375,141.5,131.30999755859375,139.32000732421875,139.32000732421875,435700
2020-09-09,140.86000061035156,144.7100067138672,140.3000030517578,141.8000030517578,141.8000030517578,258800
2020-09-10,143.27999877929688,146.6199951171875,138.78199768066406,140.24000549316406,140.24000549316406,236400
2020-09-11,141.77000427246094,142.8699951171875,135.10000610351562,137.3800048828125,137.3800048828125,268300
2020-09-14,139.02000427246094,144.19000244140625,138.5800018310547,143.8800048828125,143.8800048828125,274400
2020-09-15,145.0,146.8699951171875,143.5399932861328,146.22000122070312,146.22000122070312,266700
2020-09-16,149.6300048828125,153.99000549316406,146.55999755859375,147.00999450683594,147.00999450683594,354500
2020-09-17,146.85000610351562,146.85000610351562,143.88999938964844,144.8800048828125,144.8800048828125,356000
2020-09-18,145.60000610351562,147.86000061035156,141.1699981689453,143.83999633789062,143.83999633789062,422400
2020-09-21,139.83999633789062,146.4499969482422,139.30999755859375,146.4499969482422,146.4499969482422,214400
2020-09-22,147.4499969482422,150.1999969482422,144.2899932861328,149.88999938964844,149.88999938964844,181000
2020-09-23,149.77000427246094,152.76199340820312,147.27000427246094,148.1199951171875,148.1199951171875,261700
2020-09-24,147.35000610351562,147.35000610351562,143.22000122070312,145.16000366210938,145.16000366210938,204700
2020-09-25,145.74000549316406,152.77000427246094,145.17999267578125,151.72999572753906,151.72999572753906,219600
2020-09-28,153.57000732421875,159.66000366210938,153.57000732421875,158.5500030517578,158.5500030517578,362100
2020-09-29,159.1300048828125,163.35000610351562,158.66000366210938,162.3300018310547,162.3300018310547,320900
2020-09-30,161.9600067138672,167.58999633789062,159.22999572753906,161.4199981689453,161.4199981689453,582800
2020-10-01,162.67999267578125,165.30999755859375,161.60000610351562,162.4600067138672,162.4600067138672,432400
2020-10-02,167.52000427246094,167.52000427246094,162.0500030517578,164.57000732421875,164.57000732421875,507100
2020-10-05,166.05999755859375,173.37899780273438,164.9600067138672,172.0399932861328,172.0399932861328,315500
2020-10-06,171.66000366210938,175.6999969482422,169.39999389648438,172.14999389648438,172.14999389648438,388000
2020-10-07,174.74000549316406,181.25999450683594,172.24000549316406,179.0,179.0,302000
2020-10-08,180.83999633789062,181.7100067138672,178.4199981689453,180.42999267578125,180.42999267578125,290300
2020-10-09,182.89999389648438,184.69000244140625,180.1999969482422,183.94000244140625,183.94000244140625,260500
2020-10-12,185.6300048828125,189.9250030517578,182.39999389648438,188.72000122070312,188.72000122070312,335300
2020-10-13,188.89999389648438,190.63999938964844,187.05999755859375,189.0500030517578,189.0500030517578,277600
2020-10-14,190.2100067138672,191.99000549316406,187.23599243164062,190.36000061035156,190.36000061035156,255400
2020-10-15,185.94000244140625,196.1699981689453,185.47999572753906,193.92999267578125,193.92999267578125,281600
2020-10-16,196.2220001220703,196.32000732421875,191.66000366210938,192.8000030517578,192.8000030517578,220500
2020-10-19,194.3300018310547,195.97999572753906,190.18499755859375,191.57000732421875,191.57000732421875,238800
2020-10-20,191.9499969482422,195.11700439453125,190.0,190.2100067138672,190.2100067138672,173400
2020-10-21,192.2100067138672,196.36500549316406,186.36000061035156,186.6300048828125,186.6300048828125,241700
2020-10-22,186.58999633789062,188.0,181.25999450683594,185.94000244140625,185.94000244140625,246300
2020-10-23,186.97999572753906,191.39999389648438,184.7449951171875,190.80999755859375,190.80999755859375,173100
2020-10-26,187.57000732421875,190.32000732421875,185.8300018310547,188.63999938964844,188.63999938964844,209200
2020-10-27,190.35000610351562,192.8300018310547,188.22999572753906,190.0399932861328,190.0399932861328,304000
2020-10-28,186.66000366210938,187.85000610351562,181.20599365234375,186.1300048828125,186.1300048828125,209900
2020-10-29,186.5800018310547,190.5,186.3300018310547,188.75,188.75,304000
2020-10-30,187.3000030517578,188.42999267578125,182.64999389648438,185.52000427246094,185.52000427246094,366700
2020-11-02,184.9199981689453,189.375,177.72000122070312,180.55999755859375,180.55999755859375,315600
2020-11-03,183.32000732421875,187.50999450683594,182.18499755859375,186.19000244140625,186.19000244140625,235200
2020-11-04,191.72999572753906,203.25999450683594,191.4199981689453,202.0500030517578,202.0500030517578,503900
2020-11-05,206.30999755859375,207.66700744628906,188.4199981689453,191.02000427246094,191.02000427246094,1099200
2020-11-06,183.3000030517578,194.50999450683594,180.44000244140625,189.3300018310547,189.3300018310547,475600
2020-11-09,192.1699981689453,209.58999633789062,192.1699981689453,204.49000549316406,204.49000549316406,644400
2020-11-10,201.60000610351562,202.16000366210938,191.49000549316406,196.13999938964844,196.13999938964844,469700
2020-11-11,199.50999450683594,202.0,191.8800048828125,193.1999969482422,193.1999969482422,298500
2020-11-12,194.6300048828125,196.08999633789062,190.69000244140625,192.22999572753906,192.22999572753906,205300
2020-11-13,194.2899932861328,195.77099609375,187.5,189.13999938964844,189.13999938964844,319900
2020-11-16,188.1699981689453,188.1699981689453,179.75999450683594,184.02000427246094,184.02000427246094,456600
2020-11-17,184.50999450683594,188.9199981689453,183.0800018310547,186.75,186.75,273100
2020-11-18,186.92999267578125,194.4600067138672,184.38999938964844,191.69000244140625,191.69000244140625,286100
2020-11-19,190.99000549316406,194.7100067138672,188.77999877929688,193.4499969482422,193.4499969482422,307500
2020-11-20,194.0,198.13499450683594,189.91000366210938,194.8699951171875,194.8699951171875,202200
2020-11-23,196.16000366210938,197.57000732421875,192.57000732421875,195.14999389648438,195.14999389648438,137800
2020-11-24,195.38999938964844,196.99000549316406,192.44000244140625,193.6999969482422,193.6999969482422,161500
2020-11-25,194.75,197.3000030517578,192.85000610351562,195.05999755859375,195.05999755859375,164300
2020-11-27,196.8699951171875,200.92799377441406,192.30999755859375,200.3699951171875,200.3699951171875,105200
2020-11-30,201.35000610351562,203.08999633789062,195.82000732421875,196.60000610351562,196.60000610351562,348900
2020-12-01,197.5,202.22000122070312,195.4199981689453,199.5399932861328,199.5399932861328,353600
2020-12-02,197.97999572753906,198.14999389648438,194.07000732421875,194.77000427246094,194.77000427246094,249200
2020-12-03,195.58999633789062,199.57000732421875,194.67999267578125,195.80999755859375,195.80999755859375,265100
2020-12-04,197.44000244140625,199.02499389648438,194.6999969482422,195.72000122070312,195.72000122070312,234200
2020-12-07,195.86000061035156,199.60000610351562,193.24000549316406,194.2100067138672,194.2100067138672,669500
2020-12-08,194.69000244140625,197.17999267578125,191.1649932861328,196.05999755859375,196.05999755859375,771400
2020-12-09,196.50999450683594,197.9199981689453,185.86000061035156,186.91000366210938,186.91000366210938,226500
2020-12-10,186.35000610351562,189.94000244140625,184.24000549316406,189.4600067138672,189.4600067138672,237000
2020-12-11,188.94000244140625,192.30999755859375,187.5399932861328,192.11000061035156,192.11000061035156,303600
2020-12-14,193.6999969482422,197.55999755859375,193.1199951171875,193.99000549316406,193.99000549316406,362900
2020-12-15,194.77000427246094,195.66000366210938,192.11000061035156,192.52999877929688,192.52999877929688,298200
2020-12-16,192.52000427246094,195.5500030517578,190.63999938964844,192.9499969482422,192.9499969482422,345200
2020-12-17,195.3699951171875,198.99000549316406,193.36000061035156,198.6300048828125,198.6300048828125,319200
2020-12-18,200.6699981689453,203.3300018310547,198.30999755859375,201.7899932861328,201.7899932861328,809200
2020-12-21,199.49000549316406,204.6199951171875,197.3699951171875,204.1199951171875,204.1199951171875,322600
2020-12-22,204.42999267578125,213.3000030517578,203.6199951171875,212.8000030517578,212.8000030517578,328900
2020-12-23,214.0850067138672,217.35000610351562,212.3000030517578,214.8800048828125,214.8800048828125,304500
2020-12-24,214.4199981689453,217.02999877929688,212.39999389648438,214.27999877929688,214.27999877929688,83500
2020-12-28,217.64999389648438,218.34300231933594,210.10000610351562,212.1199951171875,212.1199951171875,255300
2020-12-29,212.67999267578125,216.28599548339844,203.4499969482422,208.2100067138672,208.2100067138672,252600
2020-12-30,209.27999877929688,211.24000549316406,205.0800018310547,206.63999938964844,206.63999938964844,192100
2020-12-31,207.50999450683594,207.5800018310547,203.94500732421875,205.91000366210938,205.91000366210938,310100
2021-01-04,205.61000061035156,206.77499389648438,197.3800048828125,199.02999877929688,199.02999877929688,232700
2021-01-05,197.75999450683594,202.00399780273438,195.1999969482422,195.99000549316406,195.99000549316406,467900
2021-01-06,192.41000366210938,192.41000366210938,182.14999389648438,184.16000366210938,184.16000366210938,934500
2021-01-07,185.89999389648438,196.72000122070312,185.25999450683594,196.47999572753906,196.47999572753906,333100
2021-01-08,197.4600067138672,205.91000366210938,197.4600067138672,202.57000732421875,202.57000732421875,279300
2021-01-11,200.5399932861328,201.64999389648438,195.9600067138672,198.02999877929688,198.02999877929688,177300
2021-01-12,198.36000061035156,198.7050018310547,194.0749969482422,196.00999450683594,196.00999450683594,206900
2021-01-13,196.1199951171875,198.32000732421875,192.85000610351562,193.35000610351562,193.35000610351562,203300
2021-01-14,194.58999633789062,196.25999450683594,191.10499572753906,193.50999450683594,193.50999450683594,303400
2021-01-15,195.13999938964844,197.72000122070312,189.13999938964844,189.3699951171875,189.3699951171875,151900
2021-01-19,191.0500030517578,195.35000610351562,188.72000122070312,194.50999450683594,194.50999450683594,264500
2021-01-20,195.88999938964844,202.77999877929688,195.88999938964844,202.0800018310547,202.0800018310547,208900
2021-01-21,203.24000549316406,203.72999572753906,198.58999633789062,200.05999755859375,200.05999755859375,202300
2021-01-22,198.72000122070312,202.50999450683594,198.5,201.5800018310547,201.5800018310547,170500
2021-01-25,203.5,205.4499969482422,195.55999755859375,198.2899932861328,198.2899932861328,163800
2021-01-26,199.27999877929688,199.75,191.3300018310547,191.86000061035156,191.86000061035156,195600
2021-01-27,189.0,189.27000427246094,180.39999389648438,186.1199951171875,186.1199951171875,451200
2021-01-28,188.2100067138672,195.52000427246094,185.6699981689453,191.80999755859375,191.80999755859375,395100
2021-01-29,190.92999267578125,192.8300018310547,186.08999633789062,187.4600067138672,187.4600067138672,259400
2021-02-01,189.38999938964844,194.14999389648438,188.5500030517578,192.69000244140625,192.69000244140625,184100
2021-02-02,194.25999450683594,204.35000610351562,194.25999450683594,202.16000366210938,202.16000366210938,253000
2021-02-03,202.83999633789062,205.91000366210938,201.41799926757812,204.52999877929688,204.52999877929688,220200
2021-02-04,205.83999633789062,213.5399932861328,204.72000122070312,213.05999755859375,213.05999755859375,326400
2021-02-05,209.0,211.85000610351562,202.0050048828125,203.0399932861328,203.0399932861328,346100
2021-02-08,203.64999389648438,209.9340057373047,202.69000244140625,207.63999938964844,207.63999938964844,267300
2021-02-09,208.5,214.74000549316406,205.8699951171875,213.49000549316406,213.49000549316406,270400
2021-02-10,212.8699951171875,213.3800048828125,205.0,205.60000610351562,205.60000610351562,178100
2021-02-11,207.66000366210938,208.0,201.3300018310547,203.6199951171875,203.6199951171875,374300
2021-02-12,203.64999389648438,206.57000732421875,202.57000732421875,205.8800048828125,205.8800048828125,194100
2021-02-16,206.49000549316406,207.92999267578125,199.75,201.0800018310547,201.0800018310547,220400
2021-02-17,199.66000366210938,199.66000366210938,193.10000610351562,197.2899932861328,197.2899932861328,236400
2021-02-18,194.92999267578125,200.72999572753906,192.38999938964844,198.14999389648438,198.14999389648438,270700
2021-02-19,199.91000366210938,207.58999633789062,199.39999389648438,206.24000549316406,206.24000549316406,281600
2021-02-22,204.00999450683594,205.89999389648438,195.02999877929688,195.9600067138672,195.9600067138672,211000
2021-02-23,192.0399932861328,194.60800170898438,183.1999969482422,193.3300018310547,193.3300018310547,221900
2021-02-24,194.0399932861328,198.19000244140625,188.8249969482422,197.75,197.75,174400
2021-02-25,196.88999938964844,199.05999755859375,186.74000549316406,190.25999450683594,190.25999450683594,320200
2021-02-26,192.0500030517578,194.19000244140625,186.0800018310547,191.19000244140625,191.19000244140625,280200
2021-03-01,195.14999389648438,199.52999877929688,192.8800048828125,194.91000366210938,194.91000366210938,294200
2021-03-02,196.52000427246094,196.52000427246094,186.77999877929688,187.25999450683594,187.25999450683594,256900
2021-03-03,185.35000610351562,186.32000732421875,175.6699981689453,176.05999755859375,176.05999755859375,332900
2021-03-04,175.14999389648438,177.06500244140625,166.0500030517578,169.97000122070312,169.97000122070312,322300
2021-03-05,173.50999450683594,175.22999572753906,163.3000030517578,174.99000549316406,174.99000549316406,353100
2021-03-08,174.05999755859375,176.77999877929688,166.9199981689453,167.0800018310547,167.0800018310547,182800
2021-03-09,174.1199951171875,180.72999572753906,170.9499969482422,178.8800048828125,178.8800048828125,253900
2021-03-10,183.17999267578125,185.06500244140625,175.5749969482422,177.1199951171875,177.1199951171875,160100
2021-03-11,181.9499969482422,187.0399932861328,179.49000549316406,186.42999267578125,186.42999267578125,181700
2021-03-12,182.13999938964844,183.35000610351562,178.85499572753906,183.05999755859375,183.05999755859375,141200
2021-03-15,184.02000427246094,189.72999572753906,183.77999877929688,188.83999633789062,188.83999633789062,213900
2021-03-16,191.61000061035156,192.48500061035156,186.67999267578125,188.08999633789062,188.08999633789062,174400
2021-03-17,186.35000610351562,189.50999450683594,182.16000366210938,186.5,186.5,208500
2021-03-18,182.52000427246094,182.52000427246094,172.91000366210938,174.0,174.0,203200
2021-03-19,173.5399932861328,178.32000732421875,172.43499755859375,175.14999389648438,175.14999389648438,799000
2021-03-22,175.9499969482422,181.0500030517578,175.7899932861328,177.58999633789062,177.58999633789062,246900
2021-03-23,178.36000061035156,179.2899932861328,173.1750030517578,174.27999877929688,174.27999877929688,246400
2021-03-24,175.5800018310547,178.4949951171875,170.61000061035156,171.2899932861328,171.2899932861328,268100
2021-03-25,168.7100067138672,171.94000244140625,166.10000610351562,171.14999389648438,171.14999389648438,192100
2021-03-26,171.27000427246094,177.0399932861328,170.05999755859375,176.80999755859375,176.80999755859375,218500
2021-03-29,176.38999938964844,178.47999572753906,166.3699951171875,171.47000122070312,171.47000122070312,312300
2021-03-30,169.57000732421875,171.27999877929688,166.19000244140625,170.77999877929688,170.77999877929688,244100
2021-03-31,173.1699981689453,182.83999633789062,172.82000732421875,179.8300018310547,179.8300018310547,450100
2021-04-01,183.22000122070312,187.16000366210938,180.9250030517578,184.02999877929688,184.02999877929688,299700
2021-04-05,185.69000244140625,188.91000366210938,183.1999969482422,188.6199951171875,188.6199951171875,306700
2021-04-06,188.5800018310547,190.00999450683594,184.4600067138672,187.47999572753906,187.47999572753906,323800
2021-04-07,187.61000061035156,187.61000061035156,183.9550018310547,184.6699981689453,184.6699981689453,293000
2021-04-08,188.25999450683594,193.97000122070312,187.58999633789062,189.07000732421875,189.07000732421875,187700
2021-04-09,188.44000244140625,188.89999389648438,183.92300415039062,188.72000122070312,188.72000122070312,144300
2021-04-12,187.8800048828125,191.9499969482422,185.07000732421875,191.32000732421875,191.32000732421875,194200
2021-04-13,193.47999572753906,197.5,191.49000549316406,193.4499969482422,193.4499969482422,176200
2021-04-14,194.49000549316406,199.32000732421875,191.97000122070312,192.97999572753906,192.97999572753906,157900
2021-04-15,196.22999572753906,197.41000366210938,192.49000549316406,194.5399932861328,194.5399932861328,207000
2021-04-16,193.2899932861328,195.49000549316406,191.52000427246094,194.14999389648438,194.14999389648438,205700
2021-04-19,192.60000610351562,193.80999755859375,187.0500030517578,190.85000610351562,190.85000610351562,310100
2021-04-20,190.27000427246094,192.99000549316406,185.58999633789062,189.60000610351562,189.60000610351562,169600
2021-04-21,189.14999389648438,192.88999938964844,187.8699951171875,192.35000610351562,192.35000610351562,143200
2021-04-22,192.80999755859375,197.1999969482422,191.35000610351562,194.05999755859375,194.05999755859375,182900
2021-04-23,195.1999969482422,198.50999450683594,195.1999969482422,195.39999389648438,195.39999389648438,168000
2021-04-26,195.63999938964844,200.4199981689453,193.58999633789062,199.8800048828125,199.8800048828125,124800
2021-04-27,201.42999267578125,201.42999267578125,198.0050048828125,199.5800018310547,199.5800018310547,91200
2021-04-28,197.8800048828125,200.8699951171875,195.5050048828125,199.9499969482422,199.9499969482422,84800
2021-04-29,202.0,202.0,192.94000244140625,197.25999450683594,197.25999450683594,131800
2021-04-30,195.22999572753906,198.30499267578125,191.42999267578125,193.24000549316406,193.24000549316406,153800
2021-05-03,195.5500030517578,195.5500030517578,186.32000732421875,186.47999572753906,186.47999572753906,236700
2021-05-04,183.8699951171875,185.38999938964844,174.61000061035156,177.22999572753906,177.22999572753906,376900
2021-05-05,178.38999938964844,180.0500030517578,171.16000366210938,172.49000549316406,172.49000549316406,184100
2021-05-06,172.22999572753906,173.52999877929688,166.4499969482422,171.07000732421875,171.07000732421875,306800
2021-05-07,166.11000061035156,177.5800018310547,164.57000732421875,168.44000244140625,168.44000244140625,312500
2021-05-10,168.00999450683594,168.00999450683594,160.8800048828125,162.82000732421875,162.82000732421875,230200
2021-05-11,157.07000732421875,163.39700317382812,155.8699951171875,162.49000549316406,162.49000549316406,346800
2021-05-12,159.47999572753906,161.3699951171875,154.9199981689453,156.94000244140625,156.94000244140625,268200
2021-05-13,159.32000732421875,160.59500122070312,154.25999450683594,158.75999450683594,158.75999450683594,566100
2021-05-14,160.83999633789062,165.1199951171875,157.89999389648438,162.8699951171875,162.8699951171875,519000
2021-05-17,160.02999877929688,161.5399932861328,158.23500061035156,159.72000122070312,159.72000122070312,182400
2021-05-18,159.88999938964844,164.75,159.88999938964844,162.11000061035156,162.11000061035156,280800
2021-05-19,157.92999267578125,162.55999755859375,157.47999572753906,162.27000427246094,162.27000427246094,252200
2021-05-20,164.9199981689453,169.16000366210938,162.30999755859375,167.72999572753906,167.72999572753906,188900
2021-05-21,170.8699951171875,170.8699951171875,166.1750030517578,167.88999938964844,167.88999938964844,254600
2021-05-24,170.07000732421875,171.8800048828125,168.39999389648438,170.38999938964844,170.38999938964844,187200
2021-05-25,171.8699951171875,173.02999877929688,169.22999572753906,169.47999572753906,169.47999572753906,127700
2021-05-26,170.60000610351562,171.94000244140625,169.44000244140625,169.77999877929688,169.77999877929688,106300
2021-05-27,169.97999572753906,170.14999389648438,166.39999389648438,169.19000244140625,169.19000244140625,164700
2021-05-28,170.82000732421875,171.72999572753906,168.99000549316406,169.8300018310547,169.8300018310547,156100
2021-06-01,169.75999450683594,169.75999450683594,165.4199981689453,166.13999938964844,166.13999938964844,166100
2021-06-02,166.67999267578125,169.25999450683594,165.13999938964844,165.9199981689453,165.9199981689453,165300
2021-06-03,163.19000244140625,164.83999633789062,159.50999450683594,163.3800048828125,163.3800048828125,222800
2021-06-04,164.8699951171875,168.7100067138672,164.8699951171875,166.5,166.5,141700
2021-06-07,165.47999572753906,169.25999450683594,165.02999877929688,169.05999755859375,169.05999755859375,197900
2021-06-08,170.08999633789062,172.1199951171875,167.9199981689453,170.89999389648438,170.89999389648438,128300
2021-06-09,171.5,173.92999267578125,170.44000244140625,171.27999877929688,171.27999877929688,121700
2021-06-10,171.0399932861328,174.77000427246094,169.9600067138672,174.5399932861328,174.5399932861328,152000
2021-06-11,174.7100067138672,176.6199951171875,173.89999389648438,176.3800048828125,176.3800048828125,132500
2021-06-14,177.02999877929688,179.7100067138672,176.5800018310547,178.61000061035156,178.61000061035156,255400
2021-06-15,177.36000061035156,179.80999755859375,174.94500732421875,175.9499969482422,175.9499969482422,153400
2021-06-16,176.1199951171875,178.63999938964844,171.92999267578125,174.02000427246094,174.02000427246094,195500
2021-06-17,172.52000427246094,180.08999633789062,172.35000610351562,180.0500030517578,180.0500030517578,136700
2021-06-18,179.24000549316406,182.94000244140625,178.4199981689453,181.1999969482422,181.1999969482422,280100
2021-06-21,181.97000122070312,185.0800018310547,178.3699951171875,184.83999633789062,184.83999633789062,128400
2021-06-22,185.0,187.2779998779297,183.68499755859375,186.92999267578125,186.92999267578125,137000
2021-06-23,186.8000030517578,190.52999877929688,186.55999755859375,190.02000427246094,190.02000427246094,165200
2021-06-24,190.60000610351562,194.11000061035156,190.60000610351562,192.0399932861328,192.0399932861328,180800
2021-06-25,192.97000122070312,195.44000244140625,190.72000122070312,193.36000061035156,193.36000061035156,351500
2021-06-28,194.41000366210938,195.8800048828125,192.9600067138672,194.39999389648438,194.39999389648438,93600
2021-06-29,194.30999755859375,200.1199951171875,193.3800048828125,200.0,200.0,186500
2021-06-30,199.2100067138672,199.2100067138672,189.75999450683594,190.8000030517578,190.8000030517578,244400
2021-07-01,190.22999572753906,193.52000427246094,189.3000030517578,192.2899932861328,192.2899932861328,184800
2021-07-02,194.3300018310547,195.5800018310547,192.89500427246094,195.0500030517578,195.0500030517578,117800
2021-07-06,195.50999450683594,199.08999633789062,194.52000427246094,195.80999755859375,195.80999755859375,196300
2021-07-07,198.10000610351562,198.42999267578125,193.3300018310547,196.91000366210938,196.91000366210938,102800
2021-07-08,193.67999267578125,194.47999572753906,189.00999450683594,193.7899932861328,193.7899932861328,132000
2021-07-09,194.1300048828125,197.47799682617188,191.5500030517578,196.02000427246094,196.02000427246094,87100
2021-07-12,195.35000610351562,195.99000549316406,190.0749969482422,192.6199951171875,192.6199951171875,114000
2021-07-13,192.38999938964844,192.9199981689453,189.9199981689453,191.1999969482422,191.1999969482422,152400
2021-07-14,192.86000061035156,192.86000061035156,188.26499938964844,188.49000549316406,188.49000549316406,135400
2021-07-15,189.05999755859375,190.16000366210938,184.19000244140625,189.77999877929688,189.77999877929688,137700
2021-07-16,191.08999633789062,194.63999938964844,188.47000122070312,191.6999969482422,191.6999969482422,148100
2021-07-19,189.33999633789062,193.19000244140625,186.8000030517578,192.33999633789062,192.33999633789062,161400
2021-07-20,193.72999572753906,206.25,192.55999755859375,202.35000610351562,202.35000610351562,439300
2021-07-21,202.02000427246094,204.55999755859375,200.02000427246094,202.00999450683594,202.00999450683594,191200
2021-07-22,202.75999450683594,204.80999755859375,201.5399932861328,203.44000244140625,203.44000244140625,94400
2021-07-23,204.07000732421875,205.85000610351562,202.5749969482422,203.7100067138672,203.7100067138672,203700
2021-07-26,203.35000610351562,204.35000610351562,200.11000061035156,201.47000122070312,201.47000122070312,191500
2021-07-27,201.86000061035156,201.86000061035156,193.83999633789062,197.75999450683594,197.75999450683594,212800
2021-07-28,199.10000610351562,205.47000122070312,197.3699951171875,203.7100067138672,203.7100067138672,198500
2021-07-29,203.49000549316406,206.5399932861328,202.4499969482422,205.00999450683594,205.00999450683594,151100
2021-07-30,203.41000366210938,208.6699981689453,203.41000366210938,207.4600067138672,207.4600067138672,119400
2021-08-02,209.4499969482422,209.4499969482422,198.85000610351562,203.55999755859375,203.55999755859375,169400
2021-08-03,204.27000427246094,204.3300018310547,200.13999938964844,203.4499969482422,203.4499969482422,151100
2021-08-04,205.30999755859375,215.35000610351562,204.8300018310547,214.4499969482422,214.4499969482422,278400
2021-08-05,215.38999938964844,221.08999633789062,214.26499938964844,219.27999877929688,219.27999877929688,382600
2021-08-06,227.52999877929688,245.89999389648438,227.4600067138672,241.8000030517578,241.8000030517578,538100
2021-08-09,242.36000061035156,249.22500610351562,242.0500030517578,245.6999969482422,245.6999969482422,386500
2021-08-10,246.4199981689453,251.53500366210938,243.8800048828125,247.13999938964844,247.13999938964844,313800
2021-08-11,247.6199951171875,251.92999267578125,244.86000061035156,251.69000244140625,251.69000244140625,284900
2021-08-12,250.67999267578125,255.0399932861328,248.64999389648438,254.8300018310547,254.8300018310547,159800
2021-08-13,254.9499969482422,256.4700012207031,248.5800018310547,250.57000732421875,250.57000732421875,177600
2021-08-16,248.27999877929688,253.4600067138672,246.11000061035156,250.91000366210938,250.91000366210938,141900
2021-08-17,244.3300018310547,251.8300018310547,242.8800048828125,251.3800048828125,251.3800048828125,249500
2021-08-18,251.2899932861328,254.69500732421875,246.57000732421875,247.13999938964844,247.13999938964844,263600
2021-08-19,244.83999633789062,250.58999633789062,244.4949951171875,247.0500030517578,247.0500030517578,229900
2021-08-20,248.27000427246094,252.19000244140625,245.25,252.19000244140625,252.19000244140625,184600
2021-08-23,252.1300048828125,257.989990234375,251.5,257.42999267578125,257.42999267578125,166600
2021-08-24,257.0299987792969,262.1000061035156,257.0299987792969,260.8299865722656,260.8299865722656,204900
2021-08-25,261.0799865722656,263.8999938964844,259.4100036621094,259.5199890136719,259.5199890136719,231700
2021-08-26,257.70001220703125,260.32000732421875,256.5299987792969,256.8699951171875,256.8699951171875,179700
2021-08-27,257.6300048828125,266.489990234375,256.9700012207031,264.8999938964844,264.8999938964844,185300
2021-08-30,264.9700012207031,269.4200134277344,264.7799987792969,268.9200134277344,268.9200134277344,161300
2021-08-31,269.9100036621094,269.9100036621094,267.6099853515625,269.20001220703125,269.20001220703125,223700
2021-09-01,270.0,275.44500732421875,269.3999938964844,270.19000244140625,270.19000244140625,139700
2021-09-02,271.67999267578125,273.70001220703125,268.70001220703125,272.5,272.5,113700
2021-09-03,269.760009765625,274.19500732421875,267.82000732421875,272.17999267578125,272.17999267578125,134400
2021-09-07,272.7300109863281,274.2850036621094,269.3900146484375,270.1400146484375,270.1400146484375,245200
2021-09-08,269.80999755859375,272.25,266.8800048828125,268.7900085449219,268.7900085449219,138600
2021-09-09,268.2900085449219,271.4200134277344,265.9100036621094,267.010009765625,267.010009765625,124300
2021-09-10,268.0899963378906,273.9599914550781,265.2300109863281,265.67999267578125,265.67999267578125,155700
2021-09-13,266.1099853515625,266.5,253.94000244140625,257.20001220703125,257.20001220703125,319100
2021-09-14,260.5400085449219,267.1499938964844,257.4100036621094,267.0,267.0,289700
2021-09-15,267.0,274.8800048828125,267.0,273.2099914550781,273.2099914550781,607300
2021-09-16,271.7300109863281,278.4599914550781,270.0799865722656,278.0,278.0,279400
2021-09-17,276.95001220703125,279.1600036621094,272.885009765625,275.45001220703125,275.45001220703125,647500
2021-09-20,268.3630065917969,278.8999938964844,266.5979919433594,278.7900085449219,278.7900085449219,266500
2021-09-21,281.5400085449219,286.7950134277344,279.6629943847656,284.6600036621094,284.6600036621094,405900
2021-09-22,284.2300109863281,290.43499755859375,282.79998779296875,288.6300048828125,288.6300048828125,174900
2021-09-23,291.7099914550781,297.5299987792969,288.30999755859375,296.8900146484375,296.8900146484375,187900
2021-09-24,295.6400146484375,298.6300048828125,294.1300048828125,297.6000061035156,297.6000061035156,201300
2021-09-27,295.8999938964844,295.8999938964844,289.0799865722656,292.7200012207031,292.7200012207031,284700
2021-09-28,287.32000732421875,288.44000244140625,278.260009765625,278.9599914550781,278.9599914550781,267600
2021-09-29,281.3599853515625,283.45001220703125,276.489990234375,278.5799865722656,278.5799865722656,288700
2021-09-30,280.6499938964844,285.1449890136719,279.0400085449219,280.3999938964844,280.3999938964844,350400
2021-10-01,281.5199890136719,286.3299865722656,274.4700012207031,285.010009765625,285.010009765625,238000
2021-10-04,283.2200012207031,284.4200134277344,270.5899963378906,274.0199890136719,274.0199890136719,296500
2021-10-05,275.3500061035156,279.69000244140625,275.3500061035156,276.45001220703125,276.45001220703125,326700
2021-10-06,273.6199951171875,277.80499267578125,272.05999755859375,276.75,276.75,326200
2021-10-07,278.7699890136719,283.9049987792969,278.7699890136719,280.4700012207031,280.4700012207031,296700
2021-10-08,283.05999755859375,283.5199890136719,275.2099914550781,275.5,275.5,197600
2021-10-11,274.3800048828125,278.0799865722656,272.70001220703125,273.44000244140625,273.44000244140625,283600
2021-10-12,275.8900146484375,282.3699951171875,274.05999755859375,276.9200134277344,276.9200134277344,194000
2021-10-13,280.0,282.8800048828125,278.6199951171875,281.3999938964844,281.3999938964844,228400
2021-10-14,285.54998779296875,290.4599914550781,284.2850036621094,288.6700134277344,288.6700134277344,219700
2021-10-15,290.4599914550781,291.5,282.6700134277344,283.2300109863281,283.2300109863281,230000
2021-10-18,282.989990234375,288.9800109863281,281.92999267578125,288.8399963378906,288.8399963378906,588900
2021-10-19,292.7900085449219,295.37799072265625,287.4049987792969,291.1099853515625,291.1099853515625,180700
2021-10-20,292.9599914550781,293.1700134277344,289.239990234375,290.1400146484375,290.1400146484375,132900
2021-10-21,291.4599914550781,299.0799865722656,291.1099853515625,296.6199951171875,296.6199951171875,259000
2021-10-22,296.29998779296875,299.8699951171875,293.1000061035156,294.2799987792969,294.2799987792969,150000
2021-10-25,294.8500061035156,297.3500061035156,292.3699951171875,296.3500061035156,296.3500061035156,160000
2021-10-26,299.2300109863281,299.3800048828125,295.3599853515625,297.5,297.5,163300
2021-10-27,297.54998779296875,298.57000732421875,291.9599914550781,295.5899963378906,295.5899963378906,187000
2021-10-28,298.3800048828125,305.0199890136719,298.2099914550781,301.5799865722656,301.5799865722656,190900
2021-10-29,299.2900085449219,305.5799865722656,299.2900085449219,305.1400146484375,305.1400146484375,208700
2021-11-01,306.3699951171875,309.2200012207031,304.3500061035156,305.75,305.75,241000
2021-11-02,305.0799865722656,306.7250061035156,302.1499938964844,302.989990234375,302.989990234375,242100
2021-11-03,302.8599853515625,302.8599853515625,295.29998779296875,299.1499938964844,299.1499938964844,330500
2021-11-04,301.67999267578125,304.9100036621094,290.010009765625,291.0,291.0,433900
2021-11-05,313.0,314.4949951171875,279.8999938964844,280.0,280.0,776700
2021-11-08,279.2300109863281,284.4649963378906,273.7699890136719,274.5299987792969,274.5299987792969,1016400
2021-11-09,274.1000061035156,278.5799865722656,268.6400146484375,278.0400085449219,278.0400085449219,513700
2021-11-10,276.04998779296875,278.1000061035156,261.4100036621094,265.9200134277344,265.9200134277344,337000
2021-11-11,267.67999267578125,270.0,261.29998779296875,265.42999267578125,265.42999267578125,253800
2021-11-12,266.2799987792969,268.7300109863281,259.2699890136719,268.32000732421875,268.32000732421875,930600
2021-11-15,270.44000244140625,273.5199890136719,262.3299865722656,264.8599853515625,264.8599853515625,358700
2021-11-16,264.3999938964844,266.8699951171875,262.44000244140625,265.7799987792969,265.7799987792969,273100
2021-11-17,267.8500061035156,267.92999267578125,259.1099853515625,264.20001220703125,264.20001220703125,193500
2021-11-18,265.0,265.0,258.7900085449219,263.54998779296875,263.54998779296875,195200
2021-11-19,266.3699951171875,272.3800048828125,264.2300109863281,272.0199890136719,272.0199890136719,311800
2021-11-22,273.29998779296875,274.56500244140625,262.260009765625,265.0199890136719,265.0199890136719,473600
2021-11-23,268.6549987792969,268.6549987792969,254.53500366210938,255.8800048828125,255.8800048828125,563900
2021-11-24,253.05999755859375,261.55999755859375,251.0,261.0899963378906,261.0899963378906,356200
2021-11-26,256.4700012207031,260.05999755859375,254.5500030517578,256.29998779296875,256.29998779296875,119100
2021-11-29,258.07000732421875,263.75,252.72000122070312,262.2699890136719,262.2699890136719,309600
2021-11-30,262.8599853515625,264.0,251.27999877929688,252.33999633789062,252.33999633789062,376400
2021-12-01,254.3000030517578,258.1099853515625,247.1699981689453,249.16000366210938,249.16000366210938,516100
2021-12-02,248.33999633789062,258.1300048828125,247.3800048828125,257.3999938964844,257.3999938964844,441800
2021-12-03,258.69000244140625,261.25,241.07000732421875,243.83999633789062,243.83999633789062,426400
2021-12-06,242.39999389648438,245.63999938964844,235.9199981689453,244.72000122070312,244.72000122070312,277600
2021-12-07,252.05999755859375,257.0400085449219,248.4199981689453,251.9600067138672,251.9600067138672,375100
2021-12-08,253.61000061035156,254.8699951171875,248.0800018310547,251.0399932861328,251.0399932861328,327300
2021-12-09,251.17999267578125,254.6199951171875,240.0800018310547,240.60000610351562,240.60000610351562,285800
2021-12-10,242.1300048828125,247.1699981689453,236.22000122070312,238.08999633789062,238.08999633789062,233200
2021-12-13,238.4499969482422,244.67999267578125,235.38999938964844,237.91000366210938,237.91000366210938,326900
2021-12-14,233.35000610351562,235.42999267578125,224.1999969482422,227.80999755859375,227.80999755859375,308700
2021-12-15,227.80999755859375,230.0,218.75999450683594,228.5399932861328,228.5399932861328,397900
2021-12-16,231.02999877929688,232.6699981689453,214.3699951171875,217.14999389648438,217.14999389648438,323100
2021-12-17,214.97999572753906,225.47000122070312,212.8699951171875,224.83999633789062,224.83999633789062,694000
2021-12-20,221.33999633789062,226.1699981689453,219.05999755859375,223.1999969482422,223.1999969482422,279100
2021-12-21,224.61000061035156,234.3699951171875,222.31399536132812,231.60000610351562,231.60000610351562,172000
2021-12-22,230.69000244140625,238.41000366210938,229.8699951171875,237.58999633789062,237.58999633789062,306600
2021-12-23,238.52000427246094,241.80999755859375,234.9499969482422,239.36000061035156,239.36000061035156,126800
2021-12-27,240.4600067138672,243.27499389648438,238.48500061035156,242.5800018310547,242.5800018310547,205400
2021-12-28,243.80999755859375,244.0,236.7100067138672,238.7100067138672,238.7100067138672,166400
2021-12-29,239.11000061035156,239.16000366210938,234.33999633789062,237.1999969482422,237.1999969482422,177000
2021-12-30,237.57000732421875,240.86000061035156,236.8300018310547,238.0,238.0,144100
2021-12-31,237.35000610351562,240.30999755859375,235.6300048828125,236.16000366210938,236.16000366210938,266100
2022-01-03,234.86000061035156,236.7899932861328,227.52000427246094,231.8300018310547,231.8300018310547,250100
2022-01-04,231.88999938964844,236.27999877929688,219.35000610351562,222.4499969482422,222.4499969482422,349400
2022-01-05,219.25999450683594,220.44000244140625,207.80999755859375,209.16000366210938,209.16000366210938,392100
2022-01-06,208.88999938964844,216.3699951171875,206.5399932861328,213.07000732421875,213.07000732421875,374000
2022-01-07,212.11000061035156,215.82000732421875,206.0050048828125,206.38999938964844,206.38999938964844,179200
2022-01-10,203.13999938964844,212.38999938964844,200.0,212.10000610351562,212.10000610351562,262800
2022-01-11,212.38999938964844,216.82000732421875,208.0399932861328,216.4600067138672,216.4600067138672,296700
2022-01-12,218.77000427246094,221.5399932861328,212.25999450683594,213.3800048828125,213.3800048828125,228200
2022-01-13,213.63999938964844,214.51499938964844,199.8000030517578,200.58999633789062,200.58999633789062,258600
2022-01-14,198.94000244140625,202.8800048828125,192.3800048828125,196.3699951171875,196.3699951171875,240700
2022-01-18,191.74000549316406,195.83999633789062,190.10000610351562,192.6999969482422,192.6999969482422,252400
2022-01-19,194.17999267578125,200.66000366210938,194.0,194.8800048828125,194.8800048828125,352300
2022-01-20,198.3300018310547,203.1649932861328,192.10000610351562,192.1999969482422,192.1999969482422,228700
2022-01-21,191.1300048828125,195.8699951171875,183.91000366210938,185.33999633789062,185.33999633789062,511400
2022-01-24,181.39999389648438,198.8300018310547,179.64999389648438,198.08999633789062,198.08999633789062,444500
2022-01-25,193.86000061035156,196.02000427246094,183.30999755859375,185.67999267578125,185.67999267578125,435400
2022-01-26,191.5399932861328,194.4199981689453,181.97999572753906,183.99000549316406,183.99000549316406,299400
2022-01-27,186.89999389648438,191.07000732421875,182.08999633789062,182.99000549316406,182.99000549316406,234900
2022-01-28,181.6300048828125,192.38999938964844,180.0,192.3800048828125,192.3800048828125,240500
2022-01-31,193.32000732421875,204.4199981689453,193.32000732421875,203.97999572753906,203.97999572753906,356700
2022-02-01,207.75999450683594,209.42999267578125,198.98500061035156,208.17999267578125,208.17999267578125,261600
2022-02-02,208.02999877929688,209.24000549316406,199.38999938964844,201.7100067138672,201.7100067138672,281900
2022-02-03,195.16000366210938,201.5800018310547,194.99000549316406,197.05999755859375,197.05999755859375,395900
2022-02-04,210.94000244140625,218.2449951171875,197.39999389648438,217.0,217.0,493400
2022-02-07,217.0,220.0500030517578,208.02999877929688,208.7899932861328,208.7899932861328,441900
2022-02-08,206.35000610351562,211.6300048828125,205.00999450683594,208.74000549316406,208.74000549316406,239900
2022-02-09,214.3800048828125,219.68499755859375,213.74000549316406,219.25,219.25,286400
2022-02-10,211.02000427246094,218.60000610351562,208.75,212.8000030517578,212.8000030517578,350200
2022-02-11,214.0500030517578,215.69000244140625,200.86000061035156,202.5500030517578,202.5500030517578,301400
2022-02-14,202.35000610351562,208.6999969482422,198.88999938964844,203.13999938964844,203.13999938964844,255900
2022-02-15,206.9600067138672,209.05999755859375,203.74000549316406,208.2899932861328,208.2899932861328,137600
2022-02-16,206.6199951171875,208.47999572753906,201.4199981689453,207.91000366210938,207.91000366210938,201100
2022-02-17,205.44000244140625,206.2899932861328,197.03500366210938,197.6300048828125,197.6300048828125,170800
2022-02-18,197.5399932861328,199.30999755859375,192.2899932861328,192.41000366210938,192.41000366210938,262900
2022-02-22,190.3000030517578,199.07000732421875,189.26100158691406,196.33999633789062,196.33999633789062,246100
2022-02-23,200.1999969482422,202.5500030517578,193.1999969482422,193.1999969482422,193.1999969482422,421800
2022-02-24,185.36000061035156,206.0800018310547,185.2100067138672,205.8000030517578,205.8000030517578,268500
2022-02-25,205.5500030517578,207.63999938964844,198.97000122070312,207.5,207.5,328800
2022-02-28,212.8000030517578,214.6999969482422,209.16000366210938,212.44000244140625,212.44000244140625,336800
2022-03-01,212.86000061035156,216.0500030517578,203.44000244140625,206.52000427246094,206.52000427246094,289300
2022-03-02,207.7100067138672,209.99000549316406,199.7899932861328,206.72000122070312,206.72000122070312,170700
2022-03-03,207.8800048828125,208.08999633789062,195.94000244140625,198.52999877929688,198.52999877929688,201600
2022-03-04,198.1999969482422,204.0,191.33999633789062,193.5800018310547,193.5800018310547,193600
2022-03-07,194.88999938964844,196.66000366210938,184.17999267578125,184.33999633789062,184.33999633789062,371100
2022-03-08,182.16000366210938,189.39500427246094,179.27999877929688,182.27999877929688,182.27999877929688,288000
2022-03-09,186.8699951171875,198.8300018310547,186.5,197.02000427246094,197.02000427246094,231900
2022-03-10,192.97000122070312,197.05999755859375,190.8699951171875,195.9499969482422,195.9499969482422,195200
2022-03-11,199.27999877929688,199.27999877929688,189.08999633789062,189.5500030517578,189.5500030517578,129200
2022-03-14,189.6999969482422,193.11500549316406,180.6300048828125,182.8699951171875,182.8699951171875,149400
2022-03-15,185.4199981689453,190.1199951171875,182.77000427246094,189.58999633789062,189.58999633789062,240000
2022-03-16,192.2100067138672,200.24000549316406,189.5,198.75999450683594,198.75999450683594,210700
2022-03-17,196.9199981689453,203.39999389648438,194.64500427246094,203.32000732421875,203.32000732421875,145700
2022-03-18,203.88999938964844,215.1999969482422,202.89999389648438,213.6999969482422,213.6999969482422,397400
2022-03-21,210.83999633789062,214.7899932861328,205.44000244140625,209.0,209.0,153800
2022-03-22,207.74000549316406,216.3000030517578,202.49000549316406,214.2899932861328,214.2899932861328,150600
2022-03-23,210.00999450683594,210.31500244140625,203.0,206.6699981689453,206.6699981689453,164300
2022-03-24,207.69000244140625,208.77999877929688,202.63999938964844,208.5800018310547,208.5800018310547,117800
2022-03-25,210.10000610351562,210.10000610351562,198.86000061035156,202.82000732421875,202.82000732421875,177000
2022-03-28,203.07000732421875,206.5,199.39999389648438,205.9600067138672,205.9600067138672,138600
2022-03-29,210.74000549316406,212.9550018310547,205.7729949951172,211.97000122070312,211.97000122070312,244700
2022-03-30,209.57000732421875,210.6999969482422,204.30999755859375,207.3300018310547,207.3300018310547,359600
2022-03-31,208.14999389648438,211.06500244140625,205.4199981689453,205.77000427246094,205.77000427246094,170500
2022-04-01,205.66000366210938,210.5399932861328,205.00999450683594,209.8300018310547,209.8300018310547,247400
2022-04-04,211.8699951171875,218.6750030517578,209.83999633789062,216.4600067138672,216.4600067138672,221900
2022-04-05,216.7100067138672,216.7100067138672,207.75,209.5800018310547,209.5800018310547,124900
2022-04-06,206.3000030517578,207.00999450683594,202.08999633789062,205.52000427246094,205.52000427246094,212000
2022-04-07,204.4600067138672,210.27000427246094,203.60000610351562,206.88999938964844,206.88999938964844,210300
2022-04-08,204.9199981689453,207.47000122070312,202.39999389648438,202.9600067138672,202.9600067138672,144700
2022-04-11,200.14999389648438,204.39999389648438,197.6199951171875,201.7899932861328,201.7899932861328,168000
2022-04-12,206.75,211.6199951171875,201.18499755859375,201.55999755859375,201.55999755859375,170600
2022-04-13,201.25999450683594,207.25,201.17999267578125,205.41000366210938,205.41000366210938,147300
2022-04-14,205.1699981689453,209.27999877929688,198.6300048828125,200.35000610351562,200.35000610351562,178000
2022-04-18,197.6199951171875,198.88999938964844,194.4199981689453,197.13999938964844,197.13999938964844,149900
2022-04-19,196.50999450683594,203.80999755859375,196.11000061035156,203.27999877929688,203.27999877929688,181800
2022-04-20,206.55999755859375,206.55999755859375,198.60000610351562,199.92999267578125,199.92999267578125,257500
2022-04-21,202.6699981689453,205.0,189.86500549316406,190.89999389648438,190.89999389648438,176800
2022-04-22,195.75,195.85499572753906,190.6230010986328,191.6699981689453,191.6699981689453,277400
2022-04-25,190.42999267578125,197.44000244140625,190.07000732421875,196.86000061035156,196.86000061035156,198200
2022-04-26,195.6999969482422,200.50999450683594,186.1199951171875,186.38999938964844,186.38999938964844,241500
2022-04-27,187.24000549316406,194.47000122070312,186.83999633789062,189.19000244140625,189.19000244140625,238300
2022-04-28,192.89999389648438,198.10000610351562,189.22999572753906,197.02999877929688,197.02999877929688,206600
2022-04-29,194.19000244140625,198.97999572753906,189.1999969482422,189.6300048828125,189.6300048828125,191500
2022-05-02,188.9499969482422,195.10499572753906,186.7899932861328,194.5800018310547,194.5800018310547,192800
2022-05-03,192.75999450683594,198.0,192.0,194.4499969482422,194.4499969482422,189000
2022-05-04,197.50999450683594,210.44000244140625,189.86000061035156,209.39999389648438,209.39999389648438,446600
2022-05-05,203.4199981689453,204.27999877929688,184.33999633789062,188.8699951171875,188.8699951171875,525200
2022-05-06,190.00999450683594,193.8000030517578,175.00999450683594,181.5800018310547,181.5800018310547,503600
2022-05-09,177.3000030517578,177.3000030517578,162.3000030517578,165.3800048828125,165.3800048828125,534600
2022-05-10,171.82000732421875,176.9600067138672,161.16000366210938,174.6699981689453,174.6699981689453,575500
2022-05-11,170.9600067138672,175.8000030517578,160.35000610351562,160.75,160.75,438300
2022-05-12,156.9199981689453,164.1999969482422,152.97000122070312,160.6699981689453,160.6699981689453,539400
2022-05-13,165.32000732421875,173.50999450683594,163.52000427246094,169.97999572753906,169.97999572753906,399100
2022-05-16,168.74000549316406,169.55999755859375,160.11500549316406,162.5,162.5,388300
2022-05-17,164.0,168.77000427246094,160.5,167.97000122070312,167.97000122070312,352300
2022-05-18,164.3800048828125,167.5800018310547,157.47999572753906,159.42999267578125,159.42999267578125,257100
2022-05-19,158.4199981689453,165.27000427246094,157.1699981689453,158.58999633789062,158.58999633789062,513400
2022-05-20,161.82000732421875,164.22000122070312,156.10000610351562,161.7100067138672,161.7100067138672,634300
2022-05-23,161.27000427246094,168.0500030517578,160.39999389648438,167.75999450683594,167.75999450683594,395000
2022-05-24,164.05999755859375,164.56500244140625,160.10000610351562,163.14999389648438,163.14999389648438,363500
2022-05-25,161.16000366210938,169.79299926757812,160.9250030517578,168.0,168.0,324900
2022-05-26,167.3300018310547,173.17999267578125,167.3300018310547,171.24000549316406,171.24000549316406,231900
2022-05-27,173.67999267578125,178.6199951171875,172.55999755859375,178.4600067138672,178.4600067138672,251700
2022-05-31,177.7899932861328,178.05999755859375,171.5,174.86000061035156,174.86000061035156,438300
2022-06-01,177.27999877929688,180.25,172.0,175.08999633789062,175.08999633789062,363500
2022-06-02,175.36000061035156,188.3000030517578,174.5850067138672,186.24000549316406,186.24000549316406,295500
2022-06-03,182.5399932861328,186.13999938964844,181.0800018310547,182.1699981689453,182.1699981689453,196700
2022-06-06,185.77999877929688,185.77999877929688,181.89999389648438,183.27999877929688,183.27999877929688,143900
2022-06-07,180.27000427246094,189.3699951171875,180.05999755859375,187.33999633789062,187.33999633789062,211500
2022-06-08,185.77999877929688,187.89500427246094,184.25999450683594,184.44000244140625,184.44000244140625,184000
2022-06-09,182.11000061035156,186.1199951171875,179.75999450683594,179.94000244140625,179.94000244140625,149800
2022-06-10,174.44000244140625,176.30999755859375,168.86000061035156,173.4199981689453,173.4199981689453,225000
2022-06-13,166.2100067138672,170.08999633789062,160.77999877929688,161.47999572753906,161.47999572753906,295400
2022-06-14,163.30999755859375,164.34500122070312,159.36000061035156,161.5,161.5,294200
2022-06-15,163.97999572753906,166.88999938964844,159.85000610351562,164.32000732421875,164.32000732421875,301000
2022-06-16,158.57000732421875,160.8699951171875,152.00999450683594,154.3000030517578,154.3000030517578,290900
2022-06-17,154.61000061035156,161.63999938964844,154.61000061035156,160.08999633789062,160.08999633789062,331400
2022-06-21,163.3300018310547,166.77999877929688,162.77000427246094,163.85000610351562,163.85000610351562,216100
2022-06-22,161.49000549316406,170.47000122070312,161.22500610351562,168.27999877929688,168.27999877929688,396800
2022-06-23,172.57000732421875,178.57000732421875,167.52999877929688,178.0399932861328,178.0399932861328,347200
2022-06-24,180.5399932861328,185.83999633789062,180.5399932861328,185.22000122070312,185.22000122070312,449300
2022-06-27,186.32000732421875,187.47999572753906,180.5399932861328,185.0500030517578,185.0500030517578,266100
2022-06-28,186.2899932861328,187.39999389648438,177.02999877929688,177.22999572753906,177.22999572753906,170100
2022-06-29,177.5399932861328,179.24000549316406,174.63999938964844,177.6999969482422,177.6999969482422,257900
2022-06-30,175.42999267578125,179.72999572753906,171.67999267578125,174.4199981689453,174.4199981689453,329100
2022-07-01,173.99000549316406,178.6300048828125,173.27000427246094,177.85000610351562,177.85000610351562,169000
2022-07-05,175.27000427246094,189.63999938964844,173.25,189.41000366210938,189.41000366210938,299600
2022-07-06,190.0,193.30999755859375,188.47000122070312,191.97999572753906,191.97999572753906,286100
2022-07-07,191.25999450683594,199.86000061035156,191.25999450683594,198.4199981689453,198.4199981689453,221500
2022-07-08,195.42999267578125,200.83999633789062,192.10000610351562,195.4499969482422,195.4499969482422,449000
2022-07-11,193.3000030517578,193.47999572753906,186.63999938964844,187.0500030517578,187.0500030517578,606300
2022-07-12,187.0500030517578,190.1999969482422,174.8000030517578,176.14999389648438,176.14999389648438,333500
2022-07-13,171.67999267578125,178.7050018310547,170.06500244140625,171.0800018310547,171.0800018310547,298500
2022-07-14,169.5500030517578,171.44500732421875,164.27000427246094,171.3300018310547,171.3300018310547,277400
2022-07-15,174.27000427246094,181.16000366210938,173.7100067138672,180.5399932861328,180.5399932861328,321700
2022-07-18,180.72000122070312,184.97000122070312,177.25999450683594,177.80999755859375,177.80999755859375,208900
2022-07-19,181.8300018310547,183.75999450683594,177.4199981689453,183.4499969482422,183.4499969482422,144000
2022-07-20,185.11000061035156,197.50999450683594,185.11000061035156,196.44000244140625,196.44000244140625,286500
2022-07-21,195.47000122070312,199.3800048828125,194.63999938964844,199.32000732421875,199.32000732421875,199600
2022-07-22,199.7100067138672,200.9199981689453,192.58999633789062,195.52000427246094,195.52000427246094,200400
2022-07-25,195.2100067138672,195.2100067138672,189.72000122070312,191.8000030517578,191.8000030517578,166300
2022-07-26,191.13999938964844,191.13999938964844,183.00999450683594,186.9600067138672,186.9600067138672,319500
2022-07-27,190.8699951171875,197.6699981689453,190.75,196.89999389648438,196.89999389648438,249400
2022-07-28,197.44000244140625,203.25,193.36000061035156,202.8300018310547,202.8300018310547,154000
2022-07-29,201.49000549316406,206.74000549316406,199.9199981689453,205.92999267578125,205.92999267578125,181800
2022-08-01,203.1300048828125,208.25,200.69000244140625,206.52999877929688,206.52999877929688,278900
2022-08-02,203.08999633789062,211.63999938964844,203.08999633789062,211.39999389648438,211.39999389648438,373900
2022-08-03,212.3699951171875,226.8350067138672,212.3699951171875,225.3699951171875,225.3699951171875,445000
2022-08-04,223.99000549316406,227.3800048828125,219.97000122070312,226.4600067138672,226.4600067138672,501800
2022-08-05,251.82000732421875,276.8800048828125,247.3800048828125,255.25999450683594,255.25999450683594,813800
2022-08-08,256.010009765625,270.3500061035156,253.26199340820312,260.79998779296875,260.79998779296875,492900
2022-08-09,260.0299987792969,265.8949890136719,257.989990234375,261.1199951171875,261.1199951171875,660800
2022-08-10,269.0899963378906,274.4800109863281,264.6499938964844,271.0799865722656,271.0799865722656,379400
2022-08-11,272.6700134277344,272.6700134277344,257.17999267578125,257.6099853515625,257.6099853515625,503600
2022-08-12,258.8800048828125,265.7799987792969,254.02000427246094,264.94000244140625,264.94000244140625,454000
2022-08-15,265.1199951171875,274.1700134277344,264.29998779296875,272.239990234375,272.239990234375,307900
2022-08-16,268.0,272.1700134277344,266.6300048828125,271.7699890136719,271.7699890136719,497300
2022-08-17,266.1499938964844,270.3599853515625,264.94000244140625,269.17999267578125,269.17999267578125,196500
2022-08-18,270.0899963378906,270.0899963378906,264.0899963378906,266.4800109863281,266.4800109863281,203400
2022-08-19,262.0,262.8299865722656,256.44000244140625,258.1400146484375,258.1400146484375,402600
2022-08-22,252.1699981689453,254.13999938964844,247.0399932861328,248.4199981689453,248.4199981689453,521500
2022-08-23,248.49000549316406,249.27000427246094,244.67999267578125,246.99000549316406,246.99000549316406,464300
2022-08-24,248.89999389648438,251.8800048828125,246.94000244140625,246.9600067138672,246.9600067138672,309000
2022-08-25,250.00999450683594,251.36000061035156,246.91000366210938,249.8800048828125,249.8800048828125,227100
2022-08-26,247.6999969482422,250.24000549316406,243.97999572753906,245.77000427246094,245.77000427246094,240700
2022-08-29,242.02000427246094,246.30499267578125,234.01699829101562,241.33999633789062,241.33999633789062,214200
2022-08-30,243.1999969482422,245.0,237.3300018310547,242.25,242.25,239300
2022-08-31,242.25999450683594,244.90499877929688,240.22999572753906,241.0,241.0,212900
2022-09-01,236.80999755859375,238.27000427246094,230.2949981689453,237.0,237.0,274600
2022-09-02,240.17999267578125,240.17999267578125,233.77999877929688,235.77000427246094,235.77000427246094,322600
2022-09-06,235.72000122070312,238.39500427246094,231.64999389648438,238.25,238.25,363400
2022-09-07,239.3000030517578,247.52000427246094,238.6999969482422,246.58999633789062,246.58999633789062,286300
2022-09-08,244.10000610351562,253.02000427246094,242.1300048828125,249.89999389648438,249.89999389648438,262000
2022-09-09,252.10000610351562,260.2200012207031,252.10000610351562,258.45001220703125,258.45001220703125,398400
2022-09-12,260.8900146484375,262.1449890136719,257.760009765625,261.4700012207031,261.4700012207031,257900
2022-09-13,251.24000549316406,256.6499938964844,251.1699981689453,254.75999450683594,254.75999450683594,278600
2022-09-14,256.2799987792969,259.8900146484375,252.22500610351562,257.5799865722656,257.5799865722656,298200
2022-09-15,253.10000610351562,260.0799865722656,249.6199951171875,253.27999877929688,253.27999877929688,389400
2022-09-16,249.22000122070312,250.28500366210938,243.25799560546875,248.8000030517578,248.8000030517578,497500
2022-09-19,246.52999877929688,254.55999755859375,245.39999389648438,253.86000061035156,253.86000061035156,302500
2022-09-20,250.27999877929688,253.61000061035156,248.48500061035156,250.41000366210938,250.41000366210938,265400
2022-09-21,253.52000427246094,257.5199890136719,247.17999267578125,249.19000244140625,249.19000244140625,227000
2022-09-22,247.61000061035156,248.49000549316406,240.80999755859375,241.47999572753906,241.47999572753906,444100
2022-09-23,236.91000366210938,239.8350067138672,232.1300048828125,236.5800018310547,236.5800018310547,481400
2022-09-26,236.57000732421875,241.16000366210938,232.47000122070312,232.47999572753906,232.47999572753906,404300
2022-09-27,237.83999633789062,241.69000244140625,235.14999389648438,241.44000244140625,241.44000244140625,337700
2022-09-28,242.58999633789062,253.25999450683594,241.7949981689453,251.47000122070312,251.47000122070312,454200
2022-09-29,248.02000427246094,249.3699951171875,242.05499267578125,246.38999938964844,246.38999938964844,424000
2022-09-30,244.88999938964844,249.55999755859375,241.11000061035156,241.5800018310547,241.5800018310547,657200
2022-10-03,244.0500030517578,244.94000244140625,237.89999389648438,243.67999267578125,243.67999267578125,728100
2022-10-04,251.42999267578125,254.67999267578125,249.55999755859375,252.3300018310547,252.3300018310547,535800
2022-10-05,249.85000610351562,262.35400390625,247.74000549316406,261.3299865722656,261.3299865722656,565500
2022-10-06,260.3900146484375,269.3399963378906,259.99200439453125,264.9700012207031,264.9700012207031,713900
2022-10-07,258.2200012207031,258.7919921875,244.3800048828125,245.80999755859375,245.80999755859375,578200
2022-10-10,242.5,243.3699951171875,233.6199951171875,236.97000122070312,236.97000122070312,425800
2022-10-11,235.7899932861328,237.3800048828125,224.9499969482422,229.11000061035156,229.11000061035156,712600
2022-10-12,229.17999267578125,230.47000122070312,223.7100067138672,225.2100067138672,225.2100067138672,352800
2022-10-13,219.1199951171875,228.60000610351562,212.49000549316406,228.3699951171875,228.3699951171875,566700
2022-10-14,232.72999572753906,234.4149932861328,216.25999450683594,216.49000549316406,216.49000549316406,404300
2022-10-17,221.47000122070312,231.66000366210938,219.67999267578125,226.85000610351562,226.85000610351562,490100
2022-10-18,235.74000549316406,238.53500366210938,227.46499633789062,230.44000244140625,230.44000244140625,485800
2022-10-19,227.02999877929688,228.88999938964844,220.55999755859375,221.9199981689453,221.9199981689453,402500
2022-10-20,221.14999389648438,224.72000122070312,214.36000061035156,216.89999389648438,216.89999389648438,674100
2022-10-21,216.85000610351562,217.07000732421875,205.41000366210938,214.7100067138672,214.7100067138672,542400
2022-10-24,217.69000244140625,217.69000244140625,209.42999267578125,216.00999450683594,216.00999450683594,405600
2022-10-25,220.69000244140625,228.47999572753906,216.89999389648438,226.9499969482422,226.9499969482422,673400
2022-10-26,222.3300018310547,232.3300018310547,220.48599243164062,226.5500030517578,226.5500030517578,595000
2022-10-27,228.55999755859375,230.4600067138672,225.11000061035156,226.83999633789062,226.83999633789062,348100
2022-10-28,222.52000427246094,228.88999938964844,219.6199951171875,228.36000061035156,228.36000061035156,671800
2022-10-31,228.02999877929688,235.17999267578125,227.02000427246094,231.7899932861328,231.7899932861328,468300
2022-11-01,235.3300018310547,235.67999267578125,223.05999755859375,224.88999938964844,224.88999938964844,362000
2022-11-02,224.52999877929688,224.52999877929688,210.16000366210938,210.57000732421875,210.57000732421875,608900
2022-11-03,208.7899932861328,216.52999877929688,205.41000366210938,210.9499969482422,210.9499969482422,770800
2022-11-04,212.08999633789062,215.75999450683594,195.8800048828125,201.97000122070312,201.97000122070312,1141000
2022-11-07,203.99000549316406,205.00999450683594,192.76499938964844,199.7100067138672,199.7100067138672,863000
2022-11-08,200.58999633789062,205.39999389648438,196.1199951171875,202.61000061035156,202.61000061035156,665700
2022-11-09,200.14999389648438,201.7899932861328,196.1649932861328,198.27999877929688,198.27999877929688,627700
2022-11-10,208.64999389648438,216.43499755859375,208.4499969482422,214.39999389648438,214.39999389648438,634400
2022-11-11,215.50999450683594,221.94500732421875,214.69000244140625,216.11000061035156,216.11000061035156,509200
2022-11-14,213.13999938964844,215.51499938964844,209.2100067138672,213.61000061035156,213.61000061035156,266700
2022-11-15,221.3000030517578,228.41000366210938,221.3000030517578,226.9199981689453,226.9199981689453,546000
2022-11-16,225.14999389648438,225.74000549316406,217.77000427246094,218.82000732421875,218.82000732421875,351400
2022-11-17,213.44000244140625,215.91000366210938,206.0399932861328,207.10000610351562,207.10000610351562,502900
2022-11-18,207.4199981689453,211.27999877929688,205.07000732421875,207.36000061035156,207.36000061035156,573900
2022-11-21,205.13999938964844,208.39999389648438,204.3000030517578,205.6999969482422,205.6999969482422,583500
2022-11-22,206.92999267578125,209.6300048828125,200.94000244140625,208.9199981689453,208.9199981689453,463200
2022-11-23,209.6999969482422,216.92999267578125,208.8300018310547,215.00999450683594,215.00999450683594,299100
2022-11-25,214.91000366210938,216.2899932861328,214.0,215.13999938964844,215.13999938964844,157100
2022-11-28,214.0500030517578,217.5050048828125,207.82000732421875,209.0,209.0,409100
2022-11-29,208.88999938964844,211.1999969482422,203.8300018310547,205.7899932861328,205.7899932861328,399400
2022-11-30,206.85000610351562,220.5050048828125,206.85000610351562,217.8300018310547,217.8300018310547,2556800
2022-12-01,219.22000122070312,225.57000732421875,219.22000122070312,223.3699951171875,223.3699951171875,490800
2022-12-02,218.05999755859375,221.63999938964844,215.97999572753906,219.6999969482422,219.6999969482422,291000
2022-12-05,216.72999572753906,217.5500030517578,201.22999572753906,204.3000030517578,204.3000030517578,392700
2022-12-06,205.25999450683594,205.25999450683594,198.33999633789062,200.86000061035156,200.86000061035156,335600
2022-12-07,201.17999267578125,203.8800048828125,196.52499389648438,197.97000122070312,197.97000122070312,480000
2022-12-08,200.50999450683594,207.32000732421875,198.9600067138672,204.75999450683594,204.75999450683594,282100
2022-12-09,204.11000061035156,205.44000244140625,202.17999267578125,202.6999969482422,202.6999969482422,185400
2022-12-12,203.58999633789062,213.27000427246094,203.32000732421875,210.52000427246094,210.52000427246094,310200
2022-12-13,221.89999389648438,222.0,208.88499450683594,211.3800048828125,211.3800048828125,396600
2022-12-14,210.77000427246094,215.00999450683594,207.77000427246094,209.86000061035156,209.86000061035156,243700
2022-12-15,206.32000732421875,207.08999633789062,199.91000366210938,200.52000427246094,200.52000427246094,324000
2022-12-16,200.22999572753906,202.72999572753906,196.5,199.44000244140625,199.44000244140625,493000
2022-12-19,198.60000610351562,200.77999877929688,194.25999450683594,195.61000061035156,195.61000061035156,329200
2022-12-20,193.8699951171875,199.1699981689453,193.2899932861328,194.02000427246094,194.02000427246094,323800
2022-12-21,194.3699951171875,199.16000366210938,191.60000610351562,197.47000122070312,197.47000122070312,192200
2022-12-22,193.75999450683594,193.75999450683594,188.71499633789062,193.05999755859375,193.05999755859375,207700
2022-12-23,191.60000610351562,192.5,189.74000549316406,191.92999267578125,191.92999267578125,122300
2022-12-27,191.8000030517578,191.8000030517578,185.3800048828125,189.1199951171875,189.1199951171875,244100
2022-12-28,190.0,192.88999938964844,187.6699981689453,188.5,188.5,243800
2022-12-29,190.6999969482422,198.22999572753906,189.86000061035156,197.77000427246094,197.77000427246094,266600
2022-12-30,193.9499969482422,199.36000061035156,191.07000732421875,194.25999450683594,194.25999450683594,421000
2023-01-03,198.07000732421875,199.83999633789062,191.05999755859375,192.52999877929688,192.52999877929688,300000
2023-01-04,193.2100067138672,199.85000610351562,190.49000549316406,196.88999938964844,196.88999938964844,415100
2023-01-05,193.38999938964844,194.25999450683594,183.25999450683594,183.50999450683594,183.50999450683594,525700
2023-01-06,184.22000122070312,185.6199951171875,176.00999450683594,179.72000122070312,179.72000122070312,469100
2023-01-09,184.1199951171875,189.92999267578125,182.22999572753906,186.35000610351562,186.35000610351562,633400
2023-01-10,185.9600067138672,187.4949951171875,180.6199951171875,187.17999267578125,187.17999267578125,273100
2023-01-11,189.27999877929688,196.88999938964844,187.10499572753906,196.00999450683594,196.00999450683594,403700
2023-01-12,197.38999938964844,197.44000244140625,191.2899932861328,191.8699951171875,191.8699951171875,330000
2023-01-13,188.83999633789062,194.60000610351562,188.83999633789062,194.02999877929688,194.02999877929688,232700
2023-01-17,193.89999389648438,200.61000061035156,191.74000549316406,198.5399932861328,198.5399932861328,276400
2023-01-18,200.6300048828125,201.78500366210938,195.75999450683594,197.4199981689453,197.4199981689453,582200
2023-01-19,195.00999450683594,198.24000549316406,192.00999450683594,195.6300048828125,195.6300048828125,256500
2023-01-20,196.83999633789062,201.19000244140625,193.88999938964844,200.57000732421875,200.57000732421875,268600
2023-01-23,202.55999755859375,204.7899932861328,200.44000244140625,202.10000610351562,202.10000610351562,394300
2023-01-24,200.3300018310547,202.3249969482422,197.33999633789062,197.8300018310547,197.8300018310547,470300
2023-01-25,193.0,195.7949981689453,185.8300018310547,194.17999267578125,194.17999267578125,587500
2023-01-26,197.97000122070312,205.1300048828125,196.67999267578125,204.99000549316406,204.99000549316406,460100
2023-01-27,203.63999938964844,208.3000030517578,202.8699951171875,206.6199951171875,206.6199951171875,250600
2023-01-30,204.6199951171875,206.6199951171875,201.17999267578125,202.08999633789062,202.08999633789062,292000
2023-01-31,202.44000244140625,208.9499969482422,201.1199951171875,208.2899932861328,208.2899932861328,337100
2023-02-01,209.85000610351562,220.07000732421875,208.67999267578125,219.52000427246094,219.52000427246094,453600
2023-02-02,224.66000366210938,233.0500030517578,224.66000366210938,226.0399932861328,226.0399932861328,670200
2023-02-03,228.07000732421875,235.0,216.97000122070312,218.99000549316406,218.99000549316406,692200
2023-02-06,217.00999450683594,221.22000122070312,215.39999389648438,218.2899932861328,218.2899932861328,367400
2023-02-07,217.10000610351562,234.4199981689453,214.4199981689453,232.88999938964844,232.88999938964844,527900
2023-02-08,231.6199951171875,233.5399932861328,219.83999633789062,224.9199981689453,224.9199981689453,429700
2023-02-09,230.10000610351562,232.47000122070312,221.24000549316406,222.00999450683594,222.00999450683594,670000
2023-02-10,221.1199951171875,222.17999267578125,214.18299865722656,220.02999877929688,220.02999877929688,584600
2023-02-13,222.1699981689453,222.1699981689453,216.89999389648438,217.5399932861328,217.5399932861328,485300
2023-02-14,216.47999572753906,221.19000244140625,214.3300018310547,217.05999755859375,217.05999755859375,609300
2023-02-15,214.9499969482422,220.91000366210938,214.9499969482422,218.07000732421875,218.07000732421875,525900
2023-02-16,212.4199981689453,216.28500366210938,208.3000030517578,209.1999969482422,209.1999969482422,539500
2023-02-17,208.8000030517578,210.2050018310547,202.88999938964844,209.30999755859375,209.30999755859375,426800
2023-02-21,204.89999389648438,206.50999450683594,200.17999267578125,203.9600067138672,203.9600067138672,412900
2023-02-22,206.58999633789062,208.9499969482422,203.17999267578125,204.16000366210938,204.16000366210938,360100
2023-02-23,207.0800018310547,207.4600067138672,201.63999938964844,205.10000610351562,205.10000610351562,369000
2023-02-24,200.24000549316406,201.4199981689453,195.55999755859375,197.02000427246094,197.02000427246094,500200
2023-02-27,198.57000732421875,199.88999938964844,192.11000061035156,193.55999755859375,193.55999755859375,599200
2023-02-28,194.0,195.7449951171875,191.72000122070312,192.61000061035156,192.61000061035156,627300
2023-03-01,192.75,196.30999755859375,188.14999389648438,188.88999938964844,188.88999938964844,467400
2023-03-02,188.0,192.21499633789062,186.44000244140625,189.67999267578125,189.67999267578125,498800
2023-03-03,189.50999450683594,192.88999938964844,188.83999633789062,191.02999877929688,191.02999877929688,538900
2023-03-06,190.88999938964844,194.38999938964844,186.4199981689453,191.13999938964844,191.13999938964844,683100
2023-03-07,191.4600067138672,192.66000366210938,185.19000244140625,186.97999572753906,186.97999572753906,457700
2023-03-08,186.3699951171875,187.3699951171875,184.1999969482422,186.30999755859375,186.30999755859375,383400
2023-03-09,185.8300018310547,189.50999450683594,182.03500366210938,182.35000610351562,182.35000610351562,350100
2023-03-10,181.22000122070312,183.88999938964844,169.64999389648438,174.5399932861328,174.5399932861328,663600
2023-03-13,172.7100067138672,182.5800018310547,171.92999267578125,176.22000122070312,176.22000122070312,893400
2023-03-14,179.97000122070312,182.74000549316406,177.72000122070312,180.24000549316406,180.24000549316406,651300
2023-03-15,177.4600067138672,180.3000030517578,174.7100067138672,176.72999572753906,176.72999572753906,534700
2023-03-16,175.91000366210938,181.97000122070312,175.22999572753906,178.4499969482422,178.4499969482422,484600
2023-03-17,178.11000061035156,181.07000732421875,175.61000061035156,180.50999450683594,180.50999450683594,859900
2023-03-20,179.7899932861328,179.9199981689453,174.3300018310547,177.52999877929688,177.52999877929688,308100
2023-03-21,178.80999755859375,184.02999877929688,178.80999755859375,182.24000549316406,182.24000549316406,526600
2023-03-22,181.97999572753906,183.8249969482422,177.0800018310547,177.1699981689453,177.1699981689453,850400
2023-03-23,179.86000061035156,184.8000030517578,177.2899932861328,180.85000610351562,180.85000610351562,376700
2023-03-24,180.85000610351562,184.0850067138672,179.125,182.25,182.25,602900
2023-03-27,182.61000061035156,184.56500244140625,180.08999633789062,181.38999938964844,181.38999938964844,266200
2023-03-28,181.22999572753906,183.17999267578125,180.72999572753906,181.08999633789062,181.08999633789062,509300
2023-03-29,183.8300018310547,191.67999267578125,181.8179931640625,191.60000610351562,191.60000610351562,551100
2023-03-30,195.10000610351562,201.0399932861328,194.27000427246094,196.33999633789062,196.33999633789062,520500
2023-03-31,196.67999267578125,200.4499969482422,195.99000549316406,198.77999877929688,198.77999877929688,445400
2023-04-03,196.86000061035156,196.86000061035156,191.27000427246094,194.08999633789062,194.08999633789062,239500
2023-04-04,194.47999572753906,195.5850067138672,191.99000549316406,195.27000427246094,195.27000427246094,531400
2023-04-05,194.0399932861328,195.3800048828125,185.22000122070312,187.58999633789062,187.58999633789062,418700
2023-04-06,185.57000732421875,187.89500427246094,182.17999267578125,187.6199951171875,187.6199951171875,383800
2023-04-10,184.75,190.1300048828125,182.27000427246094,189.89999389648438,189.89999389648438,212600
2023-04-11,188.8000030517578,192.22999572753906,188.42999267578125,191.08999633789062,191.08999633789062,389500
2023-04-12,194.2100067138672,195.85000610351562,190.3000030517578,190.3699951171875,190.3699951171875,255200
2023-04-13,193.02999877929688,196.9199981689453,193.02999877929688,196.41000366210938,196.41000366210938,362200
2023-04-14,194.8000030517578,198.02999877929688,192.77999877929688,197.82000732421875,197.82000732421875,211100
2023-04-17,198.3300018310547,199.41000366210938,195.5,198.5800018310547,198.5800018310547,233500
2023-04-18,201.44000244140625,202.0800018310547,195.5850067138672,197.75999450683594,197.75999450683594,281400
2023-04-19,196.30999755859375,199.61000061035156,196.30999755859375,198.6300048828125,198.6300048828125,250000
2023-04-20,195.25999450683594,197.0399932861328,192.5449981689453,192.61000061035156,192.61000061035156,271500
2023-04-21,192.25,194.9499969482422,191.19000244140625,193.92999267578125,193.92999267578125,257100
2023-04-24,194.3699951171875,195.77499389648438,189.0800018310547,192.47999572753906,192.47999572753906,226500
2023-04-25,190.25999450683594,193.74000549316406,183.24000549316406,183.7899932861328,183.7899932861328,348900
2023-04-26,185.74000549316406,188.36000061035156,183.50999450683594,184.2100067138672,184.2100067138672,694400
2023-04-27,185.50999450683594,191.52499389648438,184.72000122070312,190.3800048828125,190.3800048828125,286100
2023-04-28,188.1999969482422,194.22000122070312,184.5800018310547,193.2899932861328,193.2899932861328,506500
2023-05-01,191.67999267578125,197.05499267578125,191.16000366210938,195.57000732421875,195.57000732421875,367300
2023-05-02,194.89999389648438,195.08999633789062,185.94000244140625,189.69000244140625,189.69000244140625,397600
2023-05-03,190.19000244140625,192.7449951171875,186.3800048828125,187.24000549316406,187.24000549316406,551000
2023-05-04,188.8300018310547,191.2100067138672,182.9499969482422,183.6699981689453,183.6699981689453,521800
2023-05-05,177.69000244140625,177.69000244140625,160.0,173.32000732421875,173.32000732421875,1600200
2023-05-08,174.1199951171875,177.4199981689453,171.5,173.5500030517578,173.5500030517578,724800
2023-05-09,172.1300048828125,173.375,167.39999389648438,169.5800018310547,169.5800018310547,976000
2023-05-10,172.08999633789062,172.6699981689453,167.3800048828125,168.52000427246094,168.52000427246094,865000
2023-05-11,168.4600067138672,168.4600067138672,161.1199951171875,165.1999969482422,165.1999969482422,846400
2023-05-12,164.89999389648438,166.4149932861328,162.05999755859375,163.3000030517578,163.3000030517578,716500
2023-05-15,163.13999938964844,170.35000610351562,162.13999938964844,169.42999267578125,169.42999267578125,576600
2023-05-16,167.5,169.24000549316406,165.00999450683594,168.13999938964844,168.13999938964844,560800
2023-05-17,169.22999572753906,172.0050048828125,167.0800018310547,170.77999877929688,170.77999877929688,457500
2023-05-18,170.60000610351562,173.80999755859375,170.1999969482422,173.33999633789062,173.33999633789062,275100
2023-05-19,173.16000366210938,174.07000732421875,171.1750030517578,173.77000427246094,173.77000427246094,498600
2023-05-22,174.3699951171875,176.7100067138672,172.8800048828125,174.05999755859375,174.05999755859375,458800
2023-05-23,172.61000061035156,175.27999877929688,172.61000061035156,175.0800018310547,175.0800018310547,737400
2023-05-24,173.8699951171875,174.28500366210938,171.9600067138672,172.83999633789062,172.83999633789062,473600
2023-05-25,175.36000061035156,175.36000061035156,170.8699951171875,171.27999877929688,171.27999877929688,333600
2023-05-26,172.1199951171875,174.38999938964844,171.17999267578125,172.61000061035156,172.61000061035156,279500
2023-05-30,174.07000732421875,176.63999938964844,171.72999572753906,172.1300048828125,172.1300048828125,463500
2023-05-31,171.57000732421875,173.19000244140625,169.22999572753906,172.75,172.75,1200300
2023-06-01,171.3800048828125,174.16000366210938,168.89500427246094,171.22999572753906,171.22999572753906,404900
2023-06-02,174.08999633789062,181.88999938964844,173.57000732421875,181.35000610351562,181.35000610351562,442300
2023-06-05,180.00999450683594,186.9499969482422,177.91000366210938,186.63999938964844,186.63999938964844,570800
2023-06-06,186.52999877929688,193.1199951171875,184.99000549316406,192.05999755859375,192.05999755859375,477900
2023-06-07,192.9199981689453,194.0399932861328,184.60000610351562,186.55999755859375,186.55999755859375,522000
2023-06-08,186.52000427246094,188.30999755859375,184.36000061035156,185.60000610351562,185.60000610351562,373000
2023-06-09,186.55999755859375,187.63999938964844,182.1199951171875,182.44000244140625,182.44000244140625,403600
2023-06-12,184.27000427246094,189.10000610351562,183.32000732421875,188.99000549316406,188.99000549316406,408400
2023-06-13,191.2899932861328,192.13999938964844,188.07000732421875,192.0,192.0,256100
2023-06-14,191.61000061035156,193.8699951171875,186.33999633789062,187.1199951171875,187.1199951171875,246100
2023-06-15,185.85000610351562,190.75,185.67999267578125,189.77000427246094,189.77000427246094,487100
2023-06-16,191.8300018310547,191.8300018310547,183.77999877929688,184.97999572753906,184.97999572753906,585500
2023-06-20,183.33999633789062,190.22999572753906,183.33999633789062,188.50999450683594,188.50999450683594,561200
2023-06-21,187.4199981689453,188.08999633789062,180.1699981689453,181.63999938964844,181.63999938964844,396100
2023-06-22,181.1699981689453,181.6300048828125,178.11500549316406,180.6999969482422,180.6999969482422,246800
2023-06-23,178.72999572753906,179.27000427246094,175.6909942626953,176.75,176.75,449200
2023-06-26,176.05999755859375,178.97999572753906,174.2899932861328,178.9199981689453,178.9199981689453,296400
2023-06-27,179.27999877929688,181.82000732421875,177.50100708007812,179.57000732421875,179.57000732421875,271100
2023-06-28,179.1300048828125,182.55999755859375,177.8800048828125,179.2100067138672,179.2100067138672,281600
2023-06-29,178.88999938964844,181.82000732421875,177.53500366210938,178.41000366210938,178.41000366210938,403400
2023-06-30,180.4600067138672,185.1999969482422,178.77999877929688,184.52999877929688,184.52999877929688,380800
2023-07-03,184.6199951171875,186.61000061035156,181.86000061035156,184.05999755859375,184.05999755859375,161800
2023-07-05,182.49000549316406,183.7550048828125,180.5,183.24000549316406,183.24000549316406,250000
2023-07-06,181.0800018310547,186.69000244140625,180.39999389648438,186.4499969482422,186.4499969482422,264800
2023-07-07,186.25,188.41799926757812,183.48300170898438,187.1300048828125,187.1300048828125,379300
2023-07-10,186.77999877929688,196.25,186.77999877929688,196.1699981689453,196.1699981689453,442600
2023-07-11,196.27999877929688,204.22000122070312,195.13999938964844,203.58999633789062,203.58999633789062,655700
2023-07-12,206.61000061035156,207.4600067138672,201.2899932861328,204.16000366210938,204.16000366210938,517300
2023-07-13,206.91000366210938,215.19000244140625,205.33999633789062,214.32000732421875,214.32000732421875,699100
2023-07-14,215.0,219.10000610351562,213.99000549316406,216.92999267578125,216.92999267578125,683300
2023-07-17,215.88999938964844,218.5749969482422,212.76499938964844,217.52999877929688,217.52999877929688,383900
2023-07-18,217.86000061035156,225.66000366210938,215.8699951171875,223.8800048828125,223.8800048828125,593500
2023-07-19,224.5800018310547,226.82000732421875,221.52999877929688,224.9600067138672,224.9600067138672,324000
2023-07-20,224.55999755859375,224.84500122070312,220.9499969482422,223.75,223.75,345600
2023-07-21,226.39999389648438,226.99000549316406,221.35000610351562,222.02000427246094,222.02000427246094,261000
2023-07-24,222.74000549316406,223.83999633789062,219.22999572753906,219.72999572753906,219.72999572753906,312600
2023-07-25,219.2100067138672,223.86000061035156,219.2100067138672,221.89999389648438,221.89999389648438,342400
2023-07-26,220.5800018310547,225.89999389648438,220.5800018310547,224.9600067138672,224.9600067138672,307100
2023-07-27,226.5800018310547,228.5800018310547,223.00999450683594,224.17999267578125,224.17999267578125,302700
2023-07-28,226.7899932861328,229.1699981689453,224.27000427246094,226.0399932861328,226.0399932861328,417200
2023-07-31,227.5,230.52000427246094,226.14100646972656,226.85000610351562,226.85000610351562,385000
2023-08-01,225.22000122070312,227.24000549316406,221.58999633789062,226.5399932861328,226.5399932861328,367500
2023-08-02,220.6300048828125,220.6300048828125,206.16000366210938,212.89999389648438,212.89999389648438,697100
2023-08-03,212.69000244140625,217.1300048828125,211.0,212.6999969482422,212.6999969482422,546000
2023-08-04,207.8699951171875,210.0,199.6999969482422,206.25,206.25,861200
2023-08-07,205.99000549316406,210.6750030517578,205.41000366210938,208.3000030517578,208.3000030517578,508600
2023-08-08,205.39999389648438,206.5500030517578,197.27999877929688,200.49000549316406,200.49000549316406,289700
2023-08-09,199.5399932861328,201.7899932861328,197.36000061035156,200.6999969482422,200.6999969482422,381500
2023-08-10,202.11000061035156,205.72000122070312,201.63699340820312,203.5399932861328,203.5399932861328,308600
2023-08-11,201.5500030517578,203.94500732421875,200.8699951171875,201.7899932861328,201.7899932861328,229300
2023-08-14,199.91000366210938,202.52999877929688,199.17999267578125,200.6199951171875,200.6199951171875,254300
2023-08-15,198.44000244140625,199.3000030517578,194.02999877929688,194.80999755859375,194.80999755859375,389400
2023-08-16,193.77999877929688,196.72000122070312,193.30499267578125,195.5399932861328,195.5399932861328,287300
2023-08-17,194.99000549316406,194.99000549316406,191.63999938964844,191.75999450683594,191.75999450683594,404000
2023-08-18,188.97000122070312,192.30499267578125,188.8699951171875,191.49000549316406,191.49000549316406,295800
2023-08-21,191.8699951171875,194.3000030517578,191.11000061035156,194.00999450683594,194.00999450683594,355400
2023-08-22,195.44000244140625,196.83999633789062,193.22999572753906,194.5800018310547,194.5800018310547,264900
2023-08-23,195.5500030517578,200.67999267578125,194.60000610351562,199.99000549316406,199.99000549316406,235900
2023-08-24,200.80999755859375,201.4600067138672,194.3699951171875,195.3000030517578,195.3000030517578,141700
2023-08-25,196.4600067138672,199.10000610351562,193.52000427246094,198.0500030517578,198.0500030517578,168700
2023-08-28,198.5500030517578,201.27000427246094,198.1750030517578,199.94000244140625,199.94000244140625,267400
2023-08-29,200.4199981689453,201.25999450683594,198.91000366210938,200.3300018310547,200.3300018310547,310200
2023-08-30,200.97999572753906,202.35000610351562,199.1999969482422,202.0,202.0,259800
